claim_key,claim_id,service_date_key,paid_date_key,provider_key,member_key,pharmacy_key,client_key,region_key,claim_type,diagnosis_code,procedure_code,ndc_code,drug_name,is_opioid,billed_amount,allowed_amount,paid_amount,denied_amount,claim_status,fraud_injected_flag
1,86d0b6af-e8a3-40ce-b5fd-b5e10cf063b5,20260130,20260203,23,7,7,2,4,Professional,I10,80307,48990573210,Omeprazole,0,255.44,169.49,164.43,0.0,Paid,0
2,0e316ce4-67b2-44ff-9279-eea1f95919c0,20260407,20260415,29,80,29,2,5,Rx,M54.5,J3490,31709392948,Metformin,0,420.19,280.81,261.54,0.0,Paid,0
3,07487d6f-c4d5-4af6-b924-1ab7f8bb3679,20260213,20260310,6,20,17,2,4,Professional,G89.4,J3490,16077676639,Atorvastatin,0,192.17,97.02,97.02,0.0,Reversed,0
4,5bc3538f-7d84-4d85-b3d1-fdc8dff5abfe,20251209,20251231,2,58,12,2,3,Professional,M54.5,80307,83417364901,Tramadol,1,201.6,113.44,0.0,113.44,Denied,1
5,38fbfbab-7b41-426d-934f-dea520aebdc4,20250708,20250720,26,113,11,2,1,Outpatient,I10,80307,35314599280,Omeprazole,0,303.68,270.55,200.81,0.0,Paid,0
6,7b44d7ef-9667-4e13-ba8c-6ce261354ac0,20260614,20260623,4,28,16,2,1,Professional,M54.5,99213,52793287548,Tramadol,1,348.57,215.53,164.44,0.0,Paid,1
7,9868df1d-12cd-4f01-8dd1-a121b7cb14af,20251001,20251107,37,77,26,2,1,Rx,E11.9,99214,85697712089,Omeprazole,0,374.2,310.6,214.09,0.0,Paid,0
8,2294d39a-c723-43a0-a80c-590276782440,20250430,20250518,16,90,9,2,2,Professional,F41.9,G0480,81111519213,Metformin,0,190.5,122.19,116.52,0.0,Paid,0
9,02eb4ca8-c28c-463f-8069-0a87d6b4dc23,20260530,20260613,25,46,29,3,5,Outpatient,G89.4,G0480,26731107577,Omeprazole,0,780.16,612.35,542.18,0.0,Paid,1
10,3614e147-c029-4547-bbfe-4c6d1d92fe3e,20251119,20251213,31,56,7,4,4,Rx,G89.4,80307,47139803655,Metformin,0,268.27,220.91,174.53,0.0,Paid,0
11,0bd1dbfd-9175-4521-b052-8f909f87d799,20250412,20250429,24,118,13,4,5,Outpatient,F41.9,J3490,16406513669,Lisinopril,0,271.96,190.52,172.48,0.0,Paid,0
12,ff8169df-b4bb-4121-91fe-233c456ca9cf,20260412,20260512,9,93,4,3,2,Professional,E11.9,99214,67791619187,Atorvastatin,0,73.55,57.95,52.33,0.0,Paid,0
13,55176e00-30dd-4bf1-9cb3-1781d94913c0,20250615,20250620,35,2,26,1,1,Rx,G89.4,G0480,27026408642,Atorvastatin,0,320.85,231.64,164.23,0.0,Paid,0
14,986a4d70-8ac3-49e4-98ed-71c0b538f84c,20250108,20250124,29,113,27,2,5,Outpatient,F41.9,80307,58410777110,Lisinopril,0,699.35,518.83,463.21,0.0,Paid,0
15,db9d1bd8-c4ed-497c-a819-1cba6a4b1751,20260725,20260811,19,74,19,2,4,Outpatient,F41.9,99215,05118466783,Albuterol,0,261.02,127.99,95.04,0.0,Paid,0
16,6005d714-463a-4c45-8a9b-5fa9c66b15ff,20260910,20261006,17,71,23,1,4,Professional,I10,99215,51186816902,Metformin,0,705.73,327.21,314.08,0.0,Reversed,0
17,d2ff0139-578f-4cc9-8069-1e45b7e72d6b,20250427,20250509,2,103,12,3,3,Outpatient,F41.9,J3490,22656580913,Metformin,0,577.87,451.57,347.98,0.0,Paid,0
18,74f66c65-a07a-4cc1-a1d6-6c9a68f297b0,20250311,20250317,37,45,26,4,1,Professional,M54.5,G0480,38629722170,Atorvastatin,0,754.75,441.87,290.23,0.0,Paid,0
19,24b2842d-ce84-4af6-accf-3df5b76ef05c,20261113,20261129,20,2,28,1,2,Professional,I10,80307,77345162280,Albuterol,0,346.35,251.9,237.68,0.0,Paid,0
20,d1f21c83-0456-428c-9506-e0cbd275741d,20250508,20250526,24,62,13,2,5,Rx,I10,99215,17425523832,Omeprazole,0,843.49,502.52,450.05,0.0,Paid,0
21,8dcafa0c-173f-435c-94ad-35cceaa5572d,20250607,20250702,27,87,13,3,5,Professional,F41.9,99213,16513006901,Omeprazole,0,996.49,627.04,468.43,0.0,Paid,0
22,4cc6cfce-0573-4061-9d88-a16d8bf3d3c9,20261013,20261124,23,39,7,1,4,Rx,M54.5,80307,19278077954,Tramadol,1,189.12,103.72,78.05,0.0,Reversed,0
23,c0be42f1-2dc7-4564-88d5-09820a44b6b6,20261013,20261113,7,28,7,2,4,Outpatient,I10,99213,43603936254,Albuterol,0,741.93,534.85,497.06,0.0,Paid,0
24,af2b8455-d1ba-49c8-8c62-867f4c19398f,20260722,20260904,7,90,19,2,4,Outpatient,G89.4,99213,01262016580,Amlodipine,0,391.1,246.34,211.91,0.0,Reversed,0
25,79234fac-ed2b-479d-8d24-e0f2f2e8cb85,20251107,20251111,37,63,14,3,1,Professional,G89.4,80307,78804783258,Omeprazole,0,402.66,302.33,298.78,0.0,Paid,0
26,5e27d0aa-d655-4bed-a223-321429cdb614,20260908,20261016,27,106,25,4,5,Professional,F41.9,99215,78782468042,Albuterol,0,539.49,412.42,299.97,0.0,Reversed,0
27,c7975688-fa59-412e-968d-70a0da8ba713,20251123,20251209,38,66,16,2,2,Outpatient,M54.5,80307,43854404876,Lisinopril,0,214.24,180.45,117.85,0.0,Paid,0
28,96d380f0-6975-4f4c-845b-4fa5cb77d85b,20250124,20250226,19,3,19,2,4,Outpatient,F41.9,99213,21051935527,Lisinopril,0,568.93,275.13,246.25,0.0,Paid,0
29,25596b4b-a29b-49c3-bfd3-6d726aab0040,20250831,20251003,3,35,20,1,2,Outpatient,I10,80307,14837653745,Atorvastatin,0,547.24,370.9,315.68,0.0,Reversed,0
30,9c7993c8-a48f-4ca6-bad5-0cc05339b9a9,20250506,20250616,21,12,5,4,3,Rx,I10,J3490,82888571021,Amlodipine,0,653.13,348.45,0.0,348.45,Denied,0
31,3fb4abcc-864c-4ed0-8acf-c28bffcb51cb,20260514,20260518,3,80,3,2,2,Professional,E11.9,J3490,19853782506,Atorvastatin,0,346.31,252.42,189.34,0.0,Paid,0
32,3c89ef04-c6f7-49fc-8a13-121475286a47,20260730,20260909,27,62,25,2,5,Outpatient,F41.9,99214,54632399984,Fentanyl,1,593.67,518.82,518.25,0.0,Paid,0
33,323f14e7-1b6c-43b1-9496-700e3e7acd98,20261112,20261216,37,67,11,4,1,Professional,I10,99213,76673602595,Albuterol,0,626.3,512.94,434.1,0.0,Paid,0
34,648d9846-1168-45ee-99e1-2fd4d6ef29a9,20260218,20260324,3,51,28,4,2,Outpatient,M54.5,99214,24863527938,Lisinopril,0,568.4,492.0,330.66,0.0,Reversed,0
35,205ededf-7b0e-492d-a778-356be11e4b06,20260815,20260819,2,55,10,1,3,Professional,E11.9,99214,35278122230,Morphine,1,191.43,86.58,68.01,0.0,Paid,1
36,f3626e18-5c1c-407c-8783-2a72157f429c,20260409,20260517,20,13,20,3,2,Rx,G89.4,80307,52036137710,Amlodipine,0,221.69,113.2,80.31,0.0,Paid,0
37,fc5a350f-93f2-4082-ae0e-843e162c0320,20250202,20250316,5,17,2,3,3,Rx,M54.5,J3490,86156238320,Albuterol,0,256.77,214.75,0.0,214.75,Denied,0
38,6cd20dcb-ccab-45d7-a2f7-8d9249de915a,20250612,20250721,24,30,13,3,5,Rx,F41.9,G0480,28525666171,Atorvastatin,0,358.21,240.18,186.4,0.0,Reversed,0
39,75c0d57c-860c-44be-a58d-2833108aaa2f,20250928,20251010,39,39,14,1,1,Rx,G89.4,99213,92823159682,Amlodipine,0,452.09,294.58,272.05,0.0,Paid,0
40,3b062d13-fda7-4135-ae71-5b24cc2c1b10,20250223,20250404,21,5,22,3,3,Outpatient,G89.4,99213,18866453621,Amlodipine,0,319.91,187.8,142.75,0.0,Paid,0
41,1e412f30-8976-4a13-b8bb-881eb31f191e,20260618,20260706,29,50,30,4,5,Professional,G89.4,99215,31632101938,Albuterol,0,379.37,266.99,181.83,0.0,Paid,0
42,b4f4b8ec-d8c7-4dc8-b0b2-a045e28670bd,20260105,20260115,35,54,14,3,1,Outpatient,F41.9,80307,66936369207,Atorvastatin,0,142.7,114.65,109.62,0.0,Paid,0
43,7f774b7d-0d47-4302-994b-56c6cb79ebbb,20260720,20260804,23,29,19,3,4,Rx,I10,G0480,87253883467,Metformin,0,541.67,321.66,297.77,0.0,Paid,0
44,e3f67fa4-feb1-4544-8dc4-d1afb6050287,20250920,20251031,31,15,19,4,4,Rx,M54.5,80307,56903161654,Amlodipine,0,177.47,90.77,0.0,90.77,Denied,0
45,a7c3981e-6388-401a-a770-093077f474e4,20260717,20260823,3,88,9,4,2,Outpatient,F41.9,J3490,70385970616,Morphine,1,584.98,463.55,303.43,0.0,Reversed,1
46,b9d0aff7-9de8-4f1d-81c5-fefd20ec7ef4,20250919,20251029,39,44,14,1,1,Rx,I10,99213,49611125823,Oxycodone,1,373.43,261.84,171.41,0.0,Paid,0
47,7641819e-b4ae-4c3f-85fe-8d01247e392b,20260219,20260324,3,99,20,2,2,Outpatient,M54.5,G0480,84414466547,Omeprazole,0,532.41,404.73,300.26,0.0,Paid,0
48,c55c473c-9251-4396-abc5-423ee5195add,20250312,20250424,14,110,14,2,1,Professional,E11.9,99215,17919096846,Metformin,0,235.49,126.1,97.79,0.0,Paid,0
49,d577fee2-2c57-46e0-9a15-64f142d8bdec,20261018,20261114,10,70,5,1,3,Rx,F41.9,99214,96790659811,Amlodipine,0,424.62,307.81,280.34,0.0,Paid,1
50,1167fbb7-739b-48f4-bbb4-b7b553672c31,20260420,20260503,39,63,11,3,1,Outpatient,I10,80307,32964147064,Albuterol,0,172.33,119.1,117.71,0.0,Paid,0
51,afe7db7b-9596-461c-b2fc-b8ac0ce91469,20260122,20260308,7,68,6,3,4,Outpatient,F41.9,99214,24625492325,Amlodipine,0,374.76,281.59,230.48,0.0,Paid,0
52,87eef8bd-9a8c-44ab-949d-de4183868eea,20250820,20250919,12,24,1,3,3,Professional,E11.9,G0480,38724385217,Fentanyl,1,183.15,106.71,97.97,0.0,Reversed,0
53,d4d40bc2-99b6-49ec-9821-5cf3f7ef9355,20250627,20250724,2,60,22,2,3,Rx,G89.4,J3490,93502706446,Hydrocodone,1,311.47,255.35,0.0,255.35,Denied,1
54,a11d13ec-e3fb-406f-851e-781ac124c94e,20260911,20261005,40,111,15,3,4,Outpatient,E11.9,99215,21865141371,Lisinopril,0,383.86,240.57,210.21,0.0,Paid,0
55,c0d34286-c16c-4cdf-ad70-a2a68bb99f14,20261020,20261127,29,37,13,2,5,Rx,G89.4,J3490,84837279953,Lisinopril,0,510.9,430.71,374.33,0.0,Paid,0
56,a82abdf5-6eaf-49d5-8631-7e176233a9ac,20260927,20261016,5,117,1,4,3,Rx,G89.4,80307,40289651875,Atorvastatin,0,178.5,128.41,112.47,0.0,Paid,0
57,9e55bb40-d6ec-4080-af07-60e77c0d50b3,20261104,20261121,2,82,21,3,3,Outpatient,M54.5,G0480,12260280637,Albuterol,0,489.83,358.0,265.81,0.0,Paid,0
58,7237fbb1-95f9-4c13-9875-3cd5aa03f59f,20260805,20260914,14,70,26,1,1,Professional,I10,99214,97345749997,Albuterol,0,517.96,253.12,165.64,0.0,Reversed,0
59,9f046aef-fe2d-4043-b5b7-bfec97e81b25,20251019,20251103,1,91,21,4,3,Rx,E11.9,99215,27466096389,Omeprazole,0,311.6,236.69,230.92,0.0,Paid,0
60,99710b83-3df3-4c65-8d2d-3fc035a534db,20250806,20250812,25,102,29,2,5,Rx,I10,99215,12298315694,Omeprazole,0,276.56,148.77,113.11,0.0,Paid,0
61,e33cdb77-e1bc-442f-ad45-e3507e001fe2,20260502,20260604,18,3,28,2,2,Rx,E11.9,80307,71752706425,Amlodipine,0,542.15,351.27,294.44,0.0,Paid,0
62,d2be7703-0683-4c1a-9340-076ef95adb47,20250221,20250314,23,71,7,1,4,Rx,M54.5,99213,85188878683,Atorvastatin,0,288.19,247.12,183.04,0.0,Paid,0
63,4568a4d1-7c8a-4078-be3f-3508bdaec8c4,20251221,20260119,34,19,27,3,5,Outpatient,E11.9,G0480,24041565315,Amlodipine,0,291.12,232.77,0.0,232.77,Denied,0
64,dbe318a3-3dd8-4174-bfe0-1b6550549d1d,20260215,20260324,3,40,3,4,2,Outpatient,E11.9,99213,49904207869,Metformin,0,91.07,48.08,34.11,0.0,Paid,0
65,5494bd55-0d3c-4131-85ba-458b00536dab,20251026,20251105,19,69,23,1,4,Outpatient,F41.9,99214,88210626580,Atorvastatin,0,179.44,105.26,71.43,0.0,Paid,0
66,df48b992-5513-4c4f-a968-38d0e6826439,20260116,20260228,31,102,17,2,4,Outpatient,M54.5,99213,19208370241,Oxycodone,1,440.48,214.96,162.87,0.0,Paid,0
67,ab5266ff-ca43-4870-aeed-a0e5ca01eb80,20250813,20250927,26,76,11,4,1,Outpatient,E11.9,99213,75561028776,Albuterol,0,415.59,266.44,264.67,0.0,Paid,0
68,089b9772-5abb-40ee-88de-9ec90035e2c3,20260730,20260825,13,50,29,4,5,Outpatient,F41.9,99215,08770538257,Metformin,0,471.97,320.1,272.9,0.0,Reversed,0
69,cf7192fb-3584-4cbc-96f2-8c3c692b56e3,20261004,20261009,11,104,11,3,1,Professional,G89.4,J3490,49052200402,Albuterol,0,385.12,235.81,195.51,0.0,Paid,0
70,6d45bc0a-cb91-4bdd-ab63-9197a64c2937,20250524,20250706,11,94,26,1,1,Rx,G89.4,99215,79985881478,Omeprazole,0,355.32,251.82,224.0,0.0,Paid,0
71,b67ad529-b5e8-47aa-b5a7-b06c81910ed2,20250515,20250528,39,41,26,2,1,Professional,G89.4,80307,47735050164,Omeprazole,0,357.76,251.05,179.73,0.0,Paid,0
72,ae25c091-e74b-4292-bcc0-41bc5ff5f21f,20251024,20251120,18,98,3,4,2,Rx,I10,99213,07562217954,Albuterol,0,354.3,258.67,245.2,0.0,Paid,0
73,e5c91d72-d2a3-4ca7-851b-06f028f6cabd,20260226,20260320,28,103,3,3,2,Outpatient,E11.9,99214,64705104463,Metformin,0,267.0,162.56,139.4,0.0,Paid,0
74,c029bc68-4107-4a18-86ad-d2ae6e601076,20251025,20251206,29,75,24,4,5,Professional,E11.9,99215,52897349149,Amlodipine,0,553.72,437.49,313.34,0.0,Paid,0
75,d7cceddd-d944-4503-91ae-bb11200cf030,20251002,20251115,32,82,2,3,3,Professional,M54.5,J3490,36502969333,Metformin,0,451.29,372.37,0.0,372.37,Denied,0
76,faf5b982-71fc-47ac-84df-890e0f9ce1c3,20251031,20251201,19,73,15,3,4,Rx,E11.9,99214,10576168712,Omeprazole,0,523.8,416.16,333.29,0.0,Paid,0
77,7bde705b-2865-4cce-b591-5b35fe353e49,20251216,20260111,8,26,12,3,3,Professional,M54.5,99214,38797581544,Metformin,0,254.2,129.71,124.27,0.0,Reversed,0
78,5333a19e-7b4d-4887-baf0-29d4f1a00ce8,20250515,20250626,25,1,24,3,5,Outpatient,F41.9,99213,76119118425,Omeprazole,0,294.72,144.91,104.62,0.0,Paid,0
79,93708d01-e67e-4118-892f-154d5a84f39d,20260101,20260211,29,10,24,4,5,Outpatient,G89.4,80307,18648689670,Amlodipine,0,254.31,152.83,132.11,0.0,Paid,0
80,2480975a-2b0e-474c-a40b-4ea5abc919f8,20260331,20260410,9,17,4,3,2,Outpatient,F41.9,80307,19818353611,Atorvastatin,0,320.8,254.99,0.0,254.99,Denied,0
81,ecdfb9a6-1383-4603-8ed7-bdc4dc99334b,20250804,20250831,7,112,23,1,4,Outpatient,E11.9,99213,35881867453,Lisinopril,0,469.79,287.0,241.1,0.0,Paid,0
82,b3fcc851-9a30-4156-9edb-9da31d0e499f,20251227,20260124,28,31,16,3,2,Outpatient,M54.5,J3490,71774764411,Hydrocodone,1,623.0,552.82,0.0,552.82,Denied,0
83,a7788ea3-faf8-40c5-b7af-af743a914129,20250630,20250714,1,17,22,3,3,Rx,F41.9,99214,23114246708,Amlodipine,0,540.81,396.23,312.49,0.0,Reversed,0
84,dceda0a3-6df5-433a-98f7-2197bab6f165,20250610,20250626,21,77,12,2,3,Rx,I10,G0480,06005989797,Metformin,0,159.69,140.69,138.5,0.0,Paid,0
85,26420af8-41e8-486c-bfec-63dabe72b7eb,20260910,20260921,3,115,3,3,2,Outpatient,G89.4,G0480,49861367910,Omeprazole,0,826.27,674.42,449.87,0.0,Reversed,1
86,f3993242-ea09-4878-b1b8-5ef9d071a597,20251011,20251017,35,32,26,3,1,Professional,I10,99214,44888046890,Atorvastatin,0,891.48,670.84,481.31,0.0,Paid,0
87,5afb120d-ca1d-4085-95d2-5bdf8f04e53e,20250310,20250314,35,103,11,3,1,Outpatient,E11.9,J3490,89515550646,Albuterol,0,309.18,251.85,187.54,0.0,Paid,0
88,f9a9b91d-f688-4196-84ea-a44cfebee350,20260621,20260721,23,78,7,3,4,Outpatient,M54.5,G0480,33194408942,Albuterol,0,335.18,186.69,182.62,0.0,Paid,0
89,a967f641-8bb7-4173-9457-7838505a6b92,20260316,20260405,6,87,23,3,4,Rx,G89.4,J3490,21278442472,Omeprazole,0,279.81,161.06,117.53,0.0,Reversed,0
90,7f1a6236-f33e-4a11-80ff-e6f9922c25f9,20250321,20250424,17,40,15,4,4,Outpatient,F41.9,99214,31955834871,Omeprazole,0,948.56,548.9,403.78,0.0,Paid,0
91,30fb2e55-c6e9-43c0-a09c-a298b4011da0,20251222,20260110,40,84,17,4,4,Professional,E11.9,J3490,95929744787,Omeprazole,0,400.28,331.63,280.74,0.0,Paid,0
92,94f337c7-0674-487b-be84-8b8f444e12ba,20250203,20250220,7,35,6,1,4,Rx,F41.9,80307,21875636322,Hydrocodone,1,258.78,154.04,143.73,0.0,Paid,0
93,c9efc8e1-2c23-4c6d-91f0-4027e9cba80c,20260718,20260725,2,25,22,2,1,Outpatient,F41.9,99213,71013402039,Oxycodone,1,103.94,81.05,74.83,0.0,Paid,1
94,d5572013-0080-4965-833b-3833190df745,20261102,20261126,3,50,4,4,1,Professional,F41.9,99215,56263479509,Fentanyl,1,295.12,205.98,167.84,0.0,Paid,1
95,e82e9a41-bd82-4b16-86d7-c450f0bec6d1,20261001,20261011,4,48,3,2,2,Rx,E11.9,J3490,95118957026,Albuterol,0,615.36,484.03,472.07,0.0,Paid,0
96,1bcc88b5-fce6-4276-8ec7-14b0ec4897b9,20260227,20260410,3,65,18,4,2,Professional,I10,J3490,13701874562,Atorvastatin,0,249.78,113.19,102.01,0.0,Paid,0
97,1910464c-656c-46a6-98be-c99fa3f91352,20260811,20260913,13,31,24,3,5,Outpatient,F41.9,99213,91965903180,Omeprazole,0,500.75,262.12,0.0,262.12,Denied,0
98,22ec1632-14bf-439d-a2e6-a62fa484a267,20260915,20261012,32,24,22,3,3,Rx,G89.4,99215,57359362866,Atorvastatin,0,387.62,266.81,194.61,0.0,Paid,0
99,8f3fbe83-a252-4d6b-8997-fe4c48113147,20251001,20251011,15,3,6,2,4,Outpatient,F41.9,G0480,57640940868,Omeprazole,0,247.46,176.17,150.76,0.0,Paid,0
100,de3a70a0-9361-41f5-86f6-dacbeaaa0336,20250929,20251104,7,80,19,2,4,Professional,E11.9,J3490,96376788186,Omeprazole,0,591.4,481.98,442.16,0.0,Paid,0
101,1f03b878-bd7c-41ea-8d11-4998e52d796a,20261015,20261111,11,118,26,4,1,Outpatient,I10,80307,99748739272,Albuterol,0,436.74,310.0,226.98,0.0,Paid,0
102,dbf59936-792c-4359-8e33-1993f828d969,20251009,20251108,35,3,14,2,1,Rx,G89.4,J3490,45383078063,Atorvastatin,0,263.35,195.95,185.4,0.0,Paid,0
103,b0b0deef-82c9-446f-91cd-44e26b947971,20250405,20250507,40,15,19,4,4,Outpatient,G89.4,80307,12761860412,Amlodipine,0,222.1,166.55,132.89,0.0,Paid,0
104,4940a303-16a7-4d58-8f81-abe509da8574,20260920,20260927,36,59,18,4,2,Professional,G89.4,99215,69517150473,Atorvastatin,0,397.09,280.32,276.01,0.0,Paid,0
105,bce5bb61-a5c7-4e5d-84e8-f97ee94a6925,20250803,20250817,13,32,29,3,5,Outpatient,G89.4,G0480,56987138770,Oxycodone,1,334.75,260.19,205.41,0.0,Paid,0
106,e9718482-71a5-450d-baad-941b14fcc2d6,20260411,20260503,6,109,7,4,4,Outpatient,G89.4,J3490,06634761367,Lisinopril,0,249.55,213.23,0.0,213.23,Denied,0
107,1aad390a-494f-491b-b00a-be393e40512d,20260213,20260224,20,17,18,3,2,Professional,E11.9,99213,94826123416,Metformin,0,85.01,73.25,67.05,0.0,Paid,0
108,4dcc9a75-39a8-4721-935d-941d41e192b1,20260416,20260531,5,31,2,3,3,Professional,F41.9,99215,42080564041,Amlodipine,0,534.3,297.43,220.25,0.0,Paid,0
109,39e0f6d2-a48e-41a1-afeb-534147e72364,20250810,20250814,40,79,19,3,4,Professional,I10,99213,57400866013,Amlodipine,0,180.44,151.76,135.29,0.0,Paid,0
110,ffbb29ff-70ad-4e3e-bd29-efcf98b91533,20250906,20250916,25,47,24,3,5,Outpatient,F41.9,80307,29182962294,Lisinopril,0,271.28,190.32,142.85,0.0,Paid,0
111,fd78e982-f85f-4f01-8593-ea959c72ad1c,20250411,20250430,22,115,22,3,3,Rx,I10,99215,63725570130,Albuterol,0,135.18,96.55,0.0,96.55,Denied,0
112,71add988-2c02-4e0a-ab12-2c253826702c,20260922,20261016,14,99,11,2,1,Outpatient,M54.5,J3490,82891958120,Lisinopril,0,206.7,144.73,118.91,0.0,Paid,0
113,ff2a16b0-e4a8-4795-a3c5-7adbdfe5b28e,20251001,20251030,38,56,4,4,2,Outpatient,G89.4,99215,81759870268,Lisinopril,0,240.4,112.05,86.66,0.0,Paid,0
114,ab130e69-9398-4b51-bab2-6becbd9bc32f,20260316,20260408,26,107,26,1,1,Rx,I10,99215,84135089029,Omeprazole,0,337.2,287.61,211.22,0.0,Paid,0
115,7e875992-b849-4c97-858a-a1afb9577f35,20260724,20260731,12,87,21,3,3,Rx,M54.5,J3490,16609081673,Hydrocodone,1,440.59,319.58,301.74,0.0,Paid,0
116,cbb1a0d9-fb26-4877-9684-deae47db7271,20260713,20260826,10,52,21,3,1,Professional,G89.4,99213,26650166665,Tramadol,1,169.38,99.41,91.0,0.0,Paid,1
117,5aaeac07-a9b5-47e3-a22b-70044715e3bc,20260608,20260624,35,50,26,4,1,Rx,F41.9,80307,99011088633,Metformin,0,180.21,91.92,75.74,0.0,Paid,0
118,8df10738-b7f7-40af-8fc9-ae98db8507d4,20260423,20260519,40,71,7,1,4,Rx,G89.4,J3490,80014138554,Metformin,0,309.24,254.67,0.0,254.67,Denied,0
119,eb398e8d-16ab-4241-be53-9df333de858e,20250507,20250620,11,4,26,2,1,Professional,E11.9,99213,41254957652,Albuterol,0,302.37,148.28,117.02,0.0,Paid,0
120,e64328c6-0cf7-4b78-9dfd-94349c651aa5,20250801,20250807,30,86,24,4,5,Professional,E11.9,G0480,79994333265,Omeprazole,0,502.35,280.64,228.58,0.0,Paid,0
121,fbbe27c2-644c-4c68-b50f-c1f4dad7e354,20250306,20250408,15,42,23,2,4,Professional,M54.5,80307,35456583288,Lisinopril,0,345.74,274.8,237.17,0.0,Paid,0
122,2945060c-2447-4e65-ac41-992981123191,20250806,20250906,1,102,12,2,3,Professional,F41.9,99215,54114455052,Oxycodone,1,893.76,485.23,436.48,0.0,Paid,1
123,6657934d-e456-4725-89ec-80eb897fd3fb,20251222,20260105,21,55,21,1,3,Rx,G89.4,80307,46942047096,Metformin,0,467.1,216.21,154.52,0.0,Paid,0
124,22d5fbeb-870c-4d07-962d-2b5019c39de7,20260523,20260607,19,41,7,2,4,Outpatient,I10,80307,25701267010,Amlodipine,0,562.32,310.75,251.22,0.0,Paid,0
125,04a441d6-c4eb-4377-9232-6c84e1902395,20250605,20250702,37,12,26,4,1,Outpatient,F41.9,99214,76808849571,Metformin,0,210.53,139.41,99.84,0.0,Paid,0
126,23af3ffa-b549-49a0-ab1c-68bd0d59ac9a,20260714,20260814,36,35,28,1,2,Rx,F41.9,99215,32111651825,Oxycodone,1,403.3,196.19,128.61,0.0,Paid,0
127,2f184714-2456-4044-ae55-34334a718a99,20261124,20270103,13,57,29,3,5,Professional,F41.9,99214,41636749193,Lisinopril,0,391.55,273.81,270.37,0.0,Reversed,0
128,960fff88-5c38-44f7-95cc-7156dc1c06e9,20250910,20250913,38,41,16,2,2,Professional,G89.4,99213,92939407242,Albuterol,0,519.53,348.71,266.4,0.0,Reversed,0
129,3970ad70-4d22-432f-b50c-b7fe1a1e26a2,20260202,20260309,5,14,5,4,3,Professional,M54.5,J3490,00762047732,Atorvastatin,0,524.16,315.25,287.08,0.0,Paid,0
130,de5dd534-5b60-4705-ac8c-1cda6fa67e20,20250221,20250322,5,23,21,4,3,Rx,F41.9,99215,77133689695,Lisinopril,0,581.52,511.51,505.55,0.0,Paid,0
131,b64fd489-ada1-422a-8d73-9cde6a596879,20260708,20260801,11,20,11,2,1,Rx,G89.4,99213,53320336708,Lisinopril,0,424.99,241.84,205.46,0.0,Reversed,0
132,44c9c608-002e-498e-8d07-fdd0524aac8d,20250705,20250725,37,52,14,3,1,Professional,F41.9,J3490,17454806788,Amlodipine,0,441.86,278.28,214.26,0.0,Reversed,0
133,cc2721fc-2192-41a2-aba9-1bf6454b217a,20250123,20250214,4,63,20,3,2,Professional,I10,99215,66470921066,Amlodipine,0,240.55,156.57,125.98,0.0,Paid,0
134,6bd87f54-bce8-42ba-b036-c5390de7e3dd,20250618,20250728,4,41,4,2,2,Rx,F41.9,G0480,40036566500,Atorvastatin,0,111.2,82.79,58.03,0.0,Reversed,0
135,491119f1-428a-4a1d-bb8f-78248ec8b531,20260101,20260123,1,100,5,4,3,Professional,G89.4,99213,92793074560,Fentanyl,1,679.91,533.16,486.35,0.0,Paid,1
136,8cf9665f-fe8e-4219-8a49-f489ce05a62f,20260908,20260913,1,89,12,2,3,Professional,F41.9,99214,19180483742,Morphine,1,436.87,331.08,235.5,0.0,Paid,1
137,8897b9db-d5c0-43ea-8796-34149d3f0a71,20250426,20250512,1,97,8,3,3,Professional,E11.9,G0480,80959299155,Metformin,0,353.86,160.42,154.73,0.0,Reversed,0
138,3c6e6966-e3a0-4b05-9575-445e9f48db99,20260529,20260628,28,65,18,4,2,Outpatient,E11.9,G0480,69457104328,Metformin,0,649.95,446.61,389.59,0.0,Paid,0
139,6e2d9e61-1899-4c51-8e42-be85b6d3b67b,20260810,20260908,20,22,4,3,2,Outpatient,E11.9,80307,86636532109,Albuterol,0,295.92,160.84,108.82,0.0,Paid,0
140,3f33b480-069e-4d63-b282-6c13ac214d7e,20260705,20260815,37,112,26,1,1,Outpatient,I10,99214,54203456309,Amlodipine,0,249.38,173.78,0.0,173.78,Denied,0
141,2f066c1a-6168-4ea5-8d94-ef54e9f4d1df,20251009,20251018,36,100,3,4,2,Professional,M54.5,J3490,12737082135,Omeprazole,0,321.2,274.71,184.67,0.0,Paid,0
142,026da3c8-f52e-466a-81ce-3cfd0f07314b,20250725,20250802,17,71,15,1,4,Outpatient,E11.9,99215,53221257877,Amlodipine,0,589.51,342.04,306.9,0.0,Paid,0
143,061aef75-614e-4ad6-8fe9-7cee8f60bd24,20260106,20260205,12,75,12,4,3,Professional,G89.4,99213,95727653863,Omeprazole,0,212.01,150.6,108.43,0.0,Paid,0
144,6503c2b8-92ce-4664-a536-3727f0df0199,20250406,20250501,29,55,24,1,5,Rx,G89.4,80307,72866337597,Metformin,0,407.22,224.41,169.48,0.0,Paid,0
145,b9c061d4-9f2f-49f4-aa9c-3accc7d4e58b,20250904,20251003,7,46,15,3,4,Outpatient,G89.4,99215,46440419330,Tramadol,1,284.19,129.44,113.19,0.0,Paid,0
146,2593f7cf-5fdc-4e85-985b-e5c1d39ffde0,20251118,20251126,1,89,10,2,1,Rx,G89.4,G0480,67807031160,Lisinopril,0,222.61,198.4,133.36,0.0,Paid,1
147,4ad86bac-e8e7-4c7e-be66-fb74ba93e02e,20250905,20251007,33,102,24,2,5,Outpatient,F41.9,99214,12857698574,Metformin,0,332.4,287.43,207.03,0.0,Paid,0
148,f2dd215e-59f3-44c2-9e19-f523caa1ca37,20250901,20251015,29,101,25,4,5,Outpatient,M54.5,99213,68307638666,Albuterol,0,399.76,245.36,170.43,0.0,Reversed,0
149,f0187324-d525-4e97-adb9-a6600556d587,20260301,20260313,12,88,2,4,3,Outpatient,E11.9,99215,56494075279,Lisinopril,0,371.26,252.27,191.54,0.0,Paid,0
150,84e9e767-a711-47a3-9898-6ef528a01050,20260930,20261110,9,15,20,4,2,Outpatient,F41.9,G0480,91658354284,Omeprazole,0,361.88,241.81,206.16,0.0,Reversed,0
151,cb3fe0d7-4bd9-4fa6-b725-9947e156c0eb,20251224,20260104,40,102,19,2,4,Professional,M54.5,99214,91458607502,Tramadol,1,602.5,363.69,252.15,0.0,Paid,1
152,9410cf32-9839-4fb6-90bb-3c89f9a6ec1a,20251109,20251122,29,67,24,4,5,Professional,I10,J3490,71116967237,Oxycodone,1,196.99,111.71,77.58,0.0,Paid,0
153,1226fcc4-ac96-433d-9954-cec1ac13b54b,20260619,20260727,22,90,1,2,3,Rx,M54.5,J3490,55009776739,Metformin,0,367.18,198.66,197.3,0.0,Paid,0
154,52051562-0c2c-40ec-b937-274f42e29ddf,20251215,20260119,3,116,3,3,2,Professional,E11.9,99215,59169035572,Omeprazole,0,698.48,546.39,440.66,0.0,Paid,0
155,726bf810-a1d1-45ef-82ce-28632eff2f7d,20260425,20260515,9,2,4,1,2,Professional,E11.9,99215,71263309994,Albuterol,0,458.19,396.61,376.44,0.0,Paid,0
156,6d4ce4e2-8391-4e91-a905-f962053cd0c7,20251104,20251204,28,81,16,3,2,Professional,F41.9,80307,49589777232,Tramadol,1,318.6,174.3,117.29,0.0,Paid,0
157,707bd542-3723-4563-94b0-df5005ac42ad,20251121,20251215,15,97,23,3,4,Outpatient,E11.9,99215,63739897372,Amlodipine,0,298.94,154.59,121.83,0.0,Reversed,0
158,bddfac4d-b53d-412d-b560-d38fcf668fba,20250103,20250129,39,36,26,2,1,Rx,F41.9,99215,11571305057,Amlodipine,0,188.69,99.2,97.16,0.0,Reversed,0
159,509fcf17-7d9d-4749-83b1-994ad54a2898,20250120,20250203,22,25,2,2,3,Rx,F41.9,99215,93947273505,Amlodipine,0,518.26,309.78,202.16,0.0,Paid,0
160,3462987d-aa25-44f0-91b2-817e7652c6bc,20260917,20261007,23,6,23,4,4,Professional,I10,80307,50801936051,Lisinopril,0,270.17,232.53,202.92,0.0,Paid,0
161,58cbe37b-75fb-4e0e-8a08-e9c095cc8909,20260114,20260201,38,111,3,3,2,Professional,G89.4,99213,13745110363,Metformin,0,449.29,353.99,256.39,0.0,Reversed,0
162,83136a8d-5ede-491c-82e6-56e8dc6aa2c4,20260705,20260807,2,53,2,4,3,Outpatient,E11.9,99213,90922928136,Hydrocodone,1,434.44,353.86,291.51,0.0,Reversed,1
163,833a908e-6840-41a6-ad3c-6aeb04039485,20251011,20251123,21,7,2,2,3,Professional,G89.4,99214,80902126946,Fentanyl,1,5673.74,4604.03,3935.31,0.0,Paid,1
164,d153d209-4b02-44ad-ab98-55fb80cabdad,20260521,20260705,33,113,13,2,5,Rx,F41.9,G0480,55075323466,Omeprazole,0,313.14,162.35,108.24,0.0,Reversed,0
165,0991e364-134b-4005-be84-fc69eea8dbfd,20250506,20250609,11,26,26,3,1,Rx,M54.5,99213,36668635069,Omeprazole,0,490.62,397.43,281.14,0.0,Paid,0
166,b386e714-c0ce-400f-a5e2-cf560ae6bcf4,20250808,20250909,2,18,12,2,3,Outpatient,G89.4,J3490,14082628944,Lisinopril,0,641.27,395.79,0.0,395.79,Denied,1
167,87ac0c49-b2b7-43e4-803e-0b636d755908,20260427,20260508,10,87,12,3,3,Outpatient,G89.4,99213,82768711631,Albuterol,0,357.81,286.25,265.25,0.0,Paid,0
168,b4459e65-e0a4-4920-8564-95c084e082a8,20250506,20250526,20,97,18,3,2,Professional,F41.9,99215,12158610006,Albuterol,0,687.19,430.7,400.21,0.0,Paid,0
169,8404daab-69ff-4576-8cde-c8a06d6a3771,20250106,20250206,37,82,11,3,1,Professional,G89.4,80307,11093985739,Amlodipine,0,528.56,292.76,208.25,0.0,Paid,0
170,0d817bd1-bc13-43be-aaf2-a56acfe0e9fa,20250118,20250217,39,35,14,1,1,Rx,E11.9,80307,86796096153,Atorvastatin,0,469.5,339.81,278.93,0.0,Reversed,0
171,a6e2d8f4-f274-4f14-a7ce-ec680b2cb6c5,20260303,20260307,14,32,14,3,1,Rx,E11.9,G0480,10853433632,Metformin,0,291.91,217.6,152.88,0.0,Reversed,0
172,475f32a3-519a-439d-8ac9-0d77a5633dd0,20260209,20260314,8,104,12,3,3,Professional,M54.5,J3490,13244453444,Lisinopril,0,184.43,100.13,87.27,0.0,Paid,0
173,f7424f9f-e5c4-4267-a5d0-19a877b3fa8a,20250327,20250408,27,38,29,2,5,Professional,F41.9,G0480,76572539370,Metformin,0,123.64,91.22,76.4,0.0,Reversed,0
174,43f39421-7ad8-4d92-9e30-c599d9b710ef,20250424,20250427,40,14,7,4,4,Professional,F41.9,99215,87591476935,Lisinopril,0,292.19,197.36,145.96,0.0,Paid,0
175,0452e8a9-f015-4e30-9264-9e6ce7fb3d66,20260704,20260803,34,33,29,4,5,Outpatient,M54.5,G0480,52050341781,Lisinopril,0,248.01,186.53,0.0,186.53,Denied,0
176,27bd73d6-7f27-4bca-a383-009e9788345b,20250421,20250425,11,43,14,4,1,Outpatient,M54.5,G0480,79714657892,Omeprazole,0,609.99,367.51,348.68,0.0,Paid,0
177,8a0fad25-0915-400a-93ef-7957eecb7d04,20250401,20250426,39,43,11,4,1,Outpatient,I10,J3490,51747354917,Metformin,0,200.87,93.5,89.04,0.0,Paid,0
178,2109c88d-356e-447d-bfaa-127b9d0a0044,20260201,20260211,18,23,20,4,2,Outpatient,F41.9,J3490,35555173875,Amlodipine,0,378.03,194.67,161.09,0.0,Paid,0
179,d0941927-05b6-4ce7-9ed3-2209a7fdf4b1,20250130,20250313,13,7,13,2,5,Outpatient,I10,99215,38179873298,Amlodipine,0,371.47,327.49,271.63,0.0,Reversed,0
180,a6962dbd-7807-48c4-bc21-143b335f8442,20260409,20260422,11,29,11,3,1,Outpatient,I10,99215,42895620754,Lisinopril,0,597.34,515.86,391.35,0.0,Paid,0
181,fda68283-7c39-49f8-ab9b-5e21480be564,20260321,20260404,13,18,25,2,5,Professional,I10,80307,57314193027,Albuterol,0,86.15,64.7,60.01,0.0,Paid,0
182,c9e76127-ff5a-4328-a338-7a1b78a67ed9,20250324,20250505,6,37,17,2,4,Outpatient,G89.4,G0480,36746871808,Fentanyl,1,330.6,203.13,169.87,0.0,Paid,0
183,fa900f83-e14c-4831-9fe6-ba1b554d784b,20261010,20261028,8,76,10,4,3,Rx,G89.4,99213,64225709867,Amlodipine,0,332.97,194.84,151.96,0.0,Paid,0
184,e976c4c3-7b7b-46fb-a3b9-b7ea193d59dd,20250528,20250627,22,16,22,4,3,Professional,G89.4,G0480,99400127404,Hydrocodone,1,311.25,158.29,118.97,0.0,Reversed,0
185,2d10b934-9015-49ef-8aa0-dafe8c567849,20260111,20260127,1,25,21,2,3,Professional,G89.4,J3490,41271284030,Amlodipine,0,552.99,368.55,273.42,0.0,Paid,0
186,ae2483a3-c017-4c90-abbb-4f0f67d031c1,20260601,20260625,29,10,27,4,5,Outpatient,E11.9,J3490,80995625928,Lisinopril,0,108.47,61.31,49.24,0.0,Paid,0
187,99a7ff4d-6929-4c45-989a-e85933c20d10,20260615,20260710,27,114,29,2,5,Professional,F41.9,80307,13240018143,Omeprazole,0,477.38,357.25,278.06,0.0,Paid,0
188,d3b5079a-24df-4f84-9113-59c0e31ee166,20260825,20260919,36,12,18,4,2,Rx,E11.9,99215,59558736235,Amlodipine,0,1279.39,939.49,785.81,0.0,Paid,1
189,0111be83-f55a-4bb1-a95d-0bfa86ecd0d9,20260802,20260828,34,91,29,4,5,Outpatient,I10,G0480,90026202845,Atorvastatin,0,692.6,359.19,276.55,0.0,Paid,0
190,36b64a43-fe94-44a1-ab82-c092d27b0a4d,20250919,20250923,13,86,27,4,5,Professional,I10,99213,61729865991,Amlodipine,0,275.96,238.98,222.65,0.0,Paid,0
191,4c9846b1-de28-4cc3-bd9c-94d8c6e74992,20250321,20250504,31,82,17,3,4,Outpatient,F41.9,99213,56751819359,Albuterol,0,211.64,126.02,91.06,0.0,Reversed,0
192,d0efe5c3-4d84-4bb3-b51f-75d36f194e60,20250925,20251031,1,99,2,2,1,Rx,M54.5,G0480,08977159066,Tramadol,1,102.76,64.97,61.08,0.0,Paid,1
193,d39da475-2912-48f6-b5c0-b4a035f3f8ad,20250330,20250428,38,95,3,3,2,Rx,F41.9,99215,65905222266,Albuterol,0,287.74,201.0,169.96,0.0,Reversed,0
194,a3372e65-b666-4d05-a734-82fdee4fb6a6,20260312,20260330,9,20,18,2,2,Outpatient,G89.4,99213,16866883920,Albuterol,0,442.1,329.79,220.12,0.0,Reversed,0
195,e440ce66-83c1-41d6-bf82-fe6731f9a6c2,20260708,20260714,9,39,18,1,2,Professional,I10,G0480,84473290490,Omeprazole,0,560.28,259.81,202.93,0.0,Reversed,0
196,fd394b68-33fd-40c1-baa1-97c315c41173,20260422,20260515,23,72,15,1,4,Rx,M54.5,99214,60697064543,Atorvastatin,0,219.2,127.35,0.0,127.35,Denied,0
197,d3af52cb-31a1-4d91-a9b7-33966c769e3b,20251109,20251224,4,67,16,4,2,Professional,G89.4,99213,74680893171,Omeprazole,0,181.48,162.35,128.37,0.0,Paid,0
198,9075aaf4-fa93-4cfe-9a38-e64a99148e9d,20260211,20260324,29,53,25,4,5,Rx,G89.4,99215,19331556777,Omeprazole,0,300.61,267.17,225.5,0.0,Paid,0
199,beba5607-44d5-4337-9189-83992399f0bf,20251227,20260116,22,100,2,4,3,Professional,F41.9,99214,60072412377,Fentanyl,1,271.55,222.77,150.88,0.0,Paid,0
200,090571be-fda9-461d-91dd-3e01985f7cf6,20260105,20260129,12,77,1,2,3,Professional,G89.4,99213,88904537510,Atorvastatin,0,254.7,185.45,158.4,0.0,Paid,0
201,b7fcbec2-415c-484f-8e06-8c471e91c938,20261127,20261218,17,117,23,4,4,Rx,F41.9,99214,90787893757,Albuterol,0,380.76,252.69,226.15,0.0,Paid,0
202,ecde5ede-269a-44b3-9e9f-265954954792,20260224,20260330,2,63,1,3,3,Outpatient,I10,99213,46477008732,Morphine,1,198.64,161.04,156.15,0.0,Paid,1
203,e774964b-0862-4fba-a78d-4f4fb9236bab,20260807,20260906,10,72,2,1,3,Rx,M54.5,99213,70347825671,Albuterol,0,272.23,193.24,163.52,0.0,Paid,0
204,1c9c8f74-dacc-463f-b03e-578671ae534c,20250911,20251010,15,71,6,1,4,Rx,E11.9,G0480,03157236263,Amlodipine,0,632.25,407.01,0.0,407.01,Denied,0
205,5c63932b-1fbb-47ca-976d-cda826f19609,20250722,20250819,4,45,20,4,2,Rx,F41.9,J3490,00481439747,Amlodipine,0,793.1,423.78,297.13,0.0,Paid,0
206,8d0a70d6-0978-46fd-b596-87ca66d6c3d4,20250318,20250424,26,95,14,3,1,Outpatient,F41.9,99215,74916746364,Atorvastatin,0,713.69,327.89,280.99,0.0,Reversed,0
207,f4bea031-a4bb-4877-8083-95dc576bbca8,20250215,20250219,31,111,6,3,4,Outpatient,F41.9,J3490,18429459801,Amlodipine,0,421.16,284.68,227.94,0.0,Paid,0
208,ebe13947-055d-4011-9ffc-558297cd94c3,20250107,20250120,1,38,21,2,3,Outpatient,E11.9,99215,46996586757,Metformin,0,6869.07,4850.71,3708.28,0.0,Paid,1
209,d06c805c-3f06-4d8d-98b6-db82f461b0d8,20251109,20251202,11,103,14,3,1,Rx,M54.5,80307,43085509045,Metformin,0,514.63,422.1,376.43,0.0,Paid,0
210,fd878621-38db-4804-b4c8-8d64fa838204,20251127,20251223,21,62,2,2,3,Professional,G89.4,J3490,36597185980,Atorvastatin,0,442.0,274.01,256.47,0.0,Paid,0
211,6f325caf-8603-40e3-850b-3ff91b9eff5a,20250426,20250510,3,21,9,4,2,Rx,E11.9,99214,43068375475,Fentanyl,1,92.45,50.95,45.04,0.0,Paid,1
212,83859a00-0b32-4895-99b4-71853718758f,20260116,20260206,13,28,24,2,5,Rx,E11.9,G0480,22012746415,Atorvastatin,0,153.75,130.11,91.36,0.0,Paid,0
213,a8953e09-fde9-42ed-8528-30d8476fce35,20261029,20261110,3,108,28,1,2,Outpatient,I10,99214,72359638939,Lisinopril,0,493.72,292.28,284.5,0.0,Paid,0
214,961f9827-a385-4ba7-9d57-bf2a3609abd4,20260528,20260613,1,9,12,2,3,Rx,F41.9,80307,39461290966,Morphine,1,326.61,274.02,229.85,0.0,Paid,0
215,5032a808-cd1b-4399-ad28-3376e5c31a26,20250514,20250612,15,43,6,4,4,Rx,F41.9,J3490,76115539816,Omeprazole,0,215.2,127.21,88.26,0.0,Reversed,0
216,63fe9e53-ba8c-48a3-9cc3-ec9e6ac2143c,20250412,20250426,7,8,17,4,4,Professional,I10,J3490,45023766878,Omeprazole,0,424.85,288.78,255.96,0.0,Paid,0
217,82e4bbf7-2a73-46c3-bd7a-5ed7e64520d6,20250728,20250910,23,111,6,3,4,Outpatient,M54.5,J3490,34992948085,Omeprazole,0,146.09,116.75,93.81,0.0,Paid,0
218,b4a923fc-34c7-4891-a26a-9ac26dbaaa19,20250603,20250622,6,24,15,3,4,Professional,E11.9,J3490,49131668440,Albuterol,0,88.89,76.91,64.55,0.0,Paid,0
219,22dc60f7-554a-44c0-aa57-7f3240f17695,20250508,20250602,16,41,16,2,2,Outpatient,M54.5,80307,94447396310,Albuterol,0,671.19,596.82,0.0,596.82,Denied,0
220,643941db-a6ae-4197-ad32-593ce6a65ade,20260725,20260902,34,95,27,3,5,Professional,M54.5,J3490,95485630050,Atorvastatin,0,476.57,239.37,185.65,0.0,Reversed,0
221,760283f7-6d2d-4142-a89d-1a0e9d77a62b,20250805,20250907,28,25,4,2,2,Professional,G89.4,99214,84705215679,Oxycodone,1,749.08,372.75,291.7,0.0,Paid,0
222,4bee675f-f4da-439b-9c1f-c05644bb86a4,20251108,20251211,6,16,6,4,4,Professional,I10,99215,67756062030,Lisinopril,0,370.5,235.97,192.03,0.0,Paid,0
223,b9606c0e-9686-48b1-996f-8054c34efebd,20250524,20250531,14,11,11,1,1,Outpatient,I10,99214,24560533694,Tramadol,1,294.78,191.07,158.05,0.0,Reversed,0
224,3cd3b3ce-7d59-4fe0-b992-4a0bfa6d5672,20251111,20251126,31,59,6,4,4,Rx,M54.5,99213,47892160850,Amlodipine,0,604.54,415.75,334.63,0.0,Paid,0
225,439d3705-5e68-4239-bd57-d93afaed2ebd,20260423,20260507,35,95,11,3,1,Professional,E11.9,J3490,05410889270,Lisinopril,0,311.64,247.65,208.23,0.0,Paid,0
226,5284e4bb-20c9-4d87-9c7f-b55199a300a0,20260711,20260729,3,61,16,2,2,Outpatient,F41.9,99214,71622396428,Oxycodone,1,262.44,165.15,160.09,0.0,Paid,1
227,a68d66d9-46dc-496d-88ff-9a90e3f7e8b4,20260429,20260518,37,117,26,4,1,Professional,F41.9,G0480,17879664186,Amlodipine,0,291.28,246.04,165.53,0.0,Paid,0
228,86624765-d7c1-4214-b8cd-231e0bd1c872,20251016,20251106,31,7,23,2,4,Professional,M54.5,99214,82367057445,Omeprazole,0,540.59,395.35,0.0,395.35,Denied,0
229,aa0c118f-02d1-4009-ac79-46e170f6645c,20260622,20260724,24,89,27,2,5,Professional,G89.4,J3490,61271070092,Albuterol,0,293.63,186.5,0.0,186.5,Denied,0
230,828d1914-02be-4821-9ef2-5fde743c2aee,20260813,20260907,1,61,10,2,3,Outpatient,I10,99213,31654942105,Metformin,0,685.36,429.26,280.72,0.0,Paid,1
231,bd4b433b-b3fb-4d1d-8bbb-2dbf513f24fd,20250314,20250401,3,32,18,3,2,Outpatient,F41.9,80307,55848338016,Hydrocodone,1,2183.52,1679.54,1315.87,0.0,Paid,1
232,46257dbd-701b-467b-85f2-59a3bc0575ad,20260622,20260629,2,93,1,3,3,Rx,M54.5,99213,47204855472,Lisinopril,0,489.35,423.39,291.23,0.0,Paid,0
233,4cc678c3-38d4-4837-999c-5e200e22640b,20250802,20250913,13,107,24,1,5,Outpatient,M54.5,99214,60402500386,Metformin,0,234.6,197.81,164.97,0.0,Paid,0
234,24cea2ca-bc80-4955-ba20-fbc68f5c1d52,20260601,20260617,21,17,1,3,3,Rx,M54.5,99214,87820449630,Albuterol,0,386.04,242.89,162.52,0.0,Reversed,0
235,e29f0739-9ef6-4b30-ab2b-895a37a28214,20251119,20251210,13,57,25,3,5,Professional,G89.4,80307,07313260035,Metformin,0,347.29,304.18,256.81,0.0,Reversed,0
236,ca1418f9-9d88-4187-b7aa-10f5e2f46588,20250123,20250209,32,34,12,3,3,Rx,F41.9,80307,20790872037,Atorvastatin,0,414.22,362.62,337.02,0.0,Paid,0
237,cf67cf79-d616-4963-b98b-dd0e1cddc488,20250404,20250408,5,50,10,4,3,Professional,E11.9,99214,87493206718,Albuterol,0,901.48,674.8,566.25,0.0,Reversed,0
238,ff9ba608-d5f5-413b-8fc8-440c2a9c923f,20250102,20250205,23,64,6,3,4,Rx,G89.4,G0480,43111800692,Atorvastatin,0,114.18,87.77,82.87,0.0,Paid,0
239,7c3e88ce-e5f5-4dbf-b289-1398a6c00c86,20260115,20260124,25,71,24,1,5,Rx,E11.9,80307,46775408372,Atorvastatin,0,322.04,284.75,244.94,0.0,Paid,0
240,d5e38a76-4093-43dd-b60a-8bf3c38bdf62,20260617,20260706,17,30,15,3,4,Rx,I10,G0480,28879857505,Lisinopril,0,503.63,325.62,225.84,0.0,Paid,0
241,85e94d6d-3dd0-4c85-864a-7d5a0a908cb3,20260508,20260529,2,3,10,2,1,Outpatient,E11.9,99215,63915854992,Fentanyl,1,107.57,52.09,33.95,0.0,Paid,1
242,a4007857-257b-4503-b117-168b9a98a221,20261118,20261214,8,114,1,2,3,Professional,G89.4,80307,85274858236,Lisinopril,0,648.67,537.48,395.1,0.0,Paid,0
243,cf40feef-e3a5-4a2b-97bb-4f0566100e29,20250608,20250624,1,19,22,3,3,Professional,F41.9,99213,01147283791,Fentanyl,1,579.37,290.15,210.06,0.0,Paid,1
244,705f0823-4369-4843-92b5-3314febdfdd5,20260722,20260818,8,100,21,4,3,Rx,I10,99213,61709646477,Lisinopril,0,395.87,197.43,170.44,0.0,Reversed,0
245,160d703d-c6fe-409e-87b5-16d1c211d6ee,20260709,20260809,15,90,6,2,4,Outpatient,E11.9,G0480,70159205236,Atorvastatin,0,762.42,642.41,531.57,0.0,Reversed,0
246,e5d8fc8c-1282-4f89-a102-981e5c44e161,20260319,20260323,27,110,27,2,5,Professional,M54.5,J3490,29048288660,Albuterol,0,154.69,82.6,74.31,0.0,Paid,0
247,41bfe216-b5f6-47f8-a72b-6df5625113a4,20260429,20260519,4,46,18,3,2,Professional,I10,99215,41260226694,Lisinopril,0,244.86,172.8,172.46,0.0,Reversed,0
248,6ebca780-5799-4ec7-9d13-5cd51edc154f,20250805,20250907,25,37,27,2,5,Professional,I10,J3490,80511795570,Omeprazole,0,276.67,232.11,219.44,0.0,Paid,0
249,584e7bbb-d454-4610-bbfc-aa8908551e62,20260616,20260621,17,96,23,2,4,Rx,G89.4,99213,43719099612,Metformin,0,161.37,127.94,95.93,0.0,Paid,0
250,070ce5b5-88ea-47f9-af3e-51cc3507a659,20250425,20250530,38,4,4,2,2,Professional,F41.9,J3490,66599895924,Amlodipine,0,259.49,151.82,131.8,0.0,Reversed,0
251,2646fd09-67eb-49b1-95c6-93ff608d3027,20251014,20251021,17,56,23,4,4,Rx,M54.5,J3490,20389957461,Amlodipine,0,66.18,48.18,43.37,0.0,Reversed,0
252,1fed36ac-cb67-4206-ba71-74463b63ad64,20260118,20260212,22,45,1,4,3,Professional,M54.5,99214,09329282164,Omeprazole,0,171.64,92.44,79.61,0.0,Paid,0
253,dacb4c08-4407-4af9-8bbe-b3669b9ffbd2,20260519,20260617,3,53,28,4,1,Outpatient,I10,99213,93719655104,Omeprazole,0,700.98,349.39,243.42,0.0,Paid,1
254,87dd186f-a395-4e25-bffc-c7fb1377ec69,20260213,20260311,31,25,7,2,4,Rx,M54.5,99215,29566963833,Albuterol,0,312.82,149.36,134.34,0.0,Paid,0
255,9e65dcfb-e6c5-4801-b9fc-5d884318bd8e,20260620,20260720,30,47,25,3,5,Rx,M54.5,99214,31402950784,Atorvastatin,0,567.39,426.1,362.77,0.0,Paid,0
256,a90b0b8e-ef59-4687-9bfb-f43381e04785,20260421,20260522,21,9,2,2,3,Outpatient,G89.4,99215,38500724159,Amlodipine,0,179.7,85.18,80.63,0.0,Paid,0
257,d5a5425c-8775-4df6-a681-3521f673f490,20250402,20250424,22,53,5,4,3,Professional,G89.4,80307,39350335712,Metformin,0,183.29,135.23,135.01,0.0,Reversed,0
258,deebefc3-cfc4-4db9-9472-17c90327b262,20260518,20260522,32,79,22,3,3,Rx,E11.9,99215,24530026486,Lisinopril,0,460.7,313.58,297.74,0.0,Paid,0
259,9afdda36-0756-4503-b8e2-ba591b8cc75b,20250515,20250607,5,120,22,4,3,Rx,E11.9,99215,94002521740,Metformin,0,371.0,181.59,121.43,0.0,Reversed,0
260,949660c2-31f1-4846-bc46-3d9cabd91fbd,20260609,20260623,1,97,22,3,3,Outpatient,E11.9,J3490,99554891099,Metformin,0,545.26,258.89,225.29,0.0,Paid,0
261,92426c60-2521-4fdf-8993-2a415010cadf,20250630,20250703,9,4,3,2,2,Outpatient,I10,80307,92540167955,Amlodipine,0,301.55,214.17,154.41,0.0,Paid,0
262,aef96bd0-c041-4dbd-959d-523e79f581c9,20250907,20251022,14,61,26,2,1,Rx,E11.9,G0480,52875503121,Hydrocodone,1,514.85,255.18,240.7,0.0,Paid,0
263,de41ec4c-76a2-43c2-9fef-ff9f7aba5317,20260723,20260903,11,61,11,2,1,Professional,G89.4,99215,18781911509,Albuterol,0,428.29,217.71,146.55,0.0,Paid,0
264,c8a28507-dfc6-40d9-9a1e-c20ee5ae12ed,20261202,20270102,19,74,15,2,4,Professional,E11.9,G0480,43351470986,Lisinopril,0,285.5,228.58,225.59,0.0,Reversed,0
265,4bc71940-5b87-4dbe-8ea3-d13e669c8e0d,20251113,20251203,23,24,17,3,4,Rx,I10,99213,14487610789,Amlodipine,0,257.18,204.1,179.76,0.0,Paid,0
266,f3172cc3-e2cc-4206-87e7-64b5d0ced2b0,20260916,20260925,11,68,26,3,1,Rx,F41.9,99215,17855069504,Lisinopril,0,337.07,154.71,146.85,0.0,Paid,0
267,b60839f6-5a2b-481f-8951-34b28b022b9d,20260714,20260817,8,77,1,2,3,Rx,G89.4,80307,72419422692,Omeprazole,0,134.77,97.16,71.2,0.0,Reversed,0
268,f1de1f96-6172-4d52-93c6-1fcfc096218a,20260202,20260211,28,37,28,2,2,Outpatient,G89.4,G0480,91714700054,Metformin,0,97.12,60.23,44.61,0.0,Paid,0
269,6b883d70-7de7-4122-9b3e-4ab0e5f1a7f2,20250823,20251004,37,43,14,4,1,Professional,G89.4,80307,43305138390,Metformin,0,999.11,595.87,501.83,0.0,Paid,0
270,ca412af0-c066-479b-ba5f-41b134fabcaf,20260719,20260825,26,98,14,4,1,Outpatient,M54.5,G0480,92129102360,Oxycodone,1,960.14,432.48,426.97,0.0,Reversed,0
271,19949b38-ff07-4528-8ff9-1f067b403059,20250416,20250531,10,70,1,1,3,Professional,I10,80307,65428506681,Atorvastatin,0,558.81,398.46,311.87,0.0,Reversed,0
272,2cd3add5-3725-4787-a72d-13c01a40f489,20260524,20260528,34,118,13,4,5,Professional,F41.9,99214,56540625865,Lisinopril,0,603.79,335.01,332.46,0.0,Reversed,0
273,b4d9f82b-6776-41fe-af3d-6f5a30bc4a40,20251025,20251202,3,110,18,2,2,Outpatient,F41.9,99215,08561000683,Lisinopril,0,631.11,353.0,251.69,0.0,Paid,0
274,739e1eea-f226-4eb8-a74b-b660abc7cc9f,20250422,20250511,1,68,1,3,3,Professional,E11.9,80307,42020453230,Metformin,0,222.97,126.57,96.1,0.0,Paid,0
275,bb27aa2c-048f-483c-aef9-fa25c8770f5f,20250909,20251008,32,7,22,2,3,Rx,G89.4,G0480,41174767673,Omeprazole,0,457.24,360.83,348.79,0.0,Paid,0
276,2f872cae-5c30-4ff0-8dff-69058f7b2c53,20260203,20260209,29,48,27,2,5,Outpatient,I10,J3490,47319623803,Albuterol,0,424.89,309.97,298.39,0.0,Reversed,0
277,e1dbe21d-1ea9-4e19-bb85-c1dd408f6ee5,20260331,20260411,22,109,5,4,3,Professional,I10,80307,31474960123,Atorvastatin,0,409.45,362.28,302.47,0.0,Paid,0
278,c79b91e7-1fec-4363-8f0b-4091c1b1d92e,20260216,20260327,30,20,24,2,5,Professional,M54.5,80307,59721716414,Amlodipine,0,329.3,174.82,163.14,0.0,Reversed,0
279,0990e4f4-79e1-4636-89f8-a8a65ac20df5,20260513,20260529,2,116,5,3,3,Professional,G89.4,G0480,28769187516,Albuterol,0,558.26,432.17,326.26,0.0,Reversed,0
280,3c419240-dbf7-454a-b79c-2854d02dd35d,20250826,20250910,17,38,15,2,4,Rx,G89.4,J3490,80228930637,Atorvastatin,0,439.17,273.73,235.38,0.0,Reversed,0
281,5a5723df-5f27-4098-a480-d257870f0531,20260320,20260415,10,38,5,2,3,Rx,M54.5,99215,25541417032,Amlodipine,0,237.48,158.86,108.53,0.0,Paid,0
282,2847fc47-fd98-418c-a2e8-5539f8af8e5d,20260325,20260412,22,93,8,3,3,Outpatient,F41.9,99215,42917900032,Hydrocodone,1,697.83,610.92,572.61,0.0,Paid,0
283,ddd9ad57-2940-4d94-813a-48789f4d55a5,20260702,20260805,26,93,11,3,1,Rx,E11.9,99214,23712184636,Omeprazole,0,440.99,371.05,357.96,0.0,Paid,0
284,13bba3f9-12c5-4f90-b69b-30a7c49623d1,20260207,20260316,6,34,6,3,4,Outpatient,M54.5,99213,12606345199,Albuterol,0,416.05,191.43,178.72,0.0,Reversed,0
285,a1076df7-d6f4-4262-978f-e7a4cb4b6e25,20251013,20251027,2,3,8,2,3,Rx,G89.4,99214,07125724602,Lisinopril,0,964.24,502.17,394.45,0.0,Reversed,1
286,64afac2f-39a4-4e0e-9d1e-4d026437c762,20260119,20260226,36,104,18,3,2,Professional,F41.9,80307,63600624785,Metformin,0,223.72,195.57,175.47,0.0,Paid,0
287,e61ddccc-184f-45d6-8e1b-5513ca754484,20250515,20250623,5,98,12,4,3,Outpatient,E11.9,G0480,30643501061,Omeprazole,0,459.75,335.58,0.0,335.58,Denied,0
288,d34161bc-76e8-4d5c-a6d3-ce1d77428e2e,20260107,20260121,36,99,3,2,2,Rx,F41.9,G0480,56878692912,Morphine,1,378.67,184.9,140.38,0.0,Paid,0
289,d4b6cc78-3220-49f9-9cd1-7bd111e44a35,20250912,20251004,36,110,18,2,2,Professional,G89.4,99214,79776000721,Metformin,0,244.6,148.46,108.4,0.0,Paid,0
290,87e4fc65-2c32-4e62-b03c-9be53416d76b,20260525,20260617,39,72,11,1,1,Rx,G89.4,80307,93502229575,Omeprazole,0,139.38,92.62,0.0,92.62,Denied,0
291,a597086d-458c-4e75-95df-34ca1aae393a,20250922,20250930,31,42,6,2,4,Outpatient,M54.5,80307,62361043813,Amlodipine,0,463.57,417.14,360.49,0.0,Paid,0
292,cc0b6e28-685d-4a79-ba17-f160d0e5530c,20251102,20251129,3,100,3,4,2,Outpatient,I10,99214,31361418667,Lisinopril,0,294.86,143.31,0.0,143.31,Denied,0
293,58233837-4f11-4b44-b365-d717060b9608,20250418,20250526,26,21,11,4,1,Rx,M54.5,G0480,94535351335,Amlodipine,0,244.83,171.58,153.03,0.0,Paid,0
294,bdfaee5a-f45b-4523-b1e5-ba28f5a175ba,20260124,20260214,14,99,14,2,1,Rx,M54.5,80307,05337748130,Metformin,0,315.81,178.28,0.0,178.28,Denied,0
295,f3531a66-0170-4992-b8b1-be86e84701b0,20260126,20260224,5,11,5,1,3,Outpatient,E11.9,99214,32223584671,Albuterol,0,408.92,212.52,180.77,0.0,Reversed,0
296,e7491a2a-6c46-4b23-a2e5-50c9493f3771,20250927,20251106,12,89,21,2,3,Outpatient,G89.4,99214,96427605055,Atorvastatin,0,536.67,433.97,335.75,0.0,Paid,0
297,aca751fe-acb5-4977-ba89-aa09317ea60e,20260325,20260501,15,17,17,3,1,Professional,I10,G0480,94818021201,Hydrocodone,1,269.46,197.13,0.0,197.13,Denied,1
298,78997997-9305-40d4-8d78-ded862296055,20261116,20261216,2,93,12,3,3,Professional,E11.9,G0480,80300551081,Lisinopril,0,354.91,253.51,232.07,0.0,Paid,1
299,c02d72fb-08f8-4b58-9111-1afb23d54ada,20260921,20261014,3,102,3,2,2,Outpatient,I10,99213,77280152174,Hydrocodone,1,620.59,389.13,299.69,0.0,Paid,1
300,963b54cc-f977-42c6-a43a-b96e0efcbcdb,20250607,20250611,2,86,8,4,3,Professional,I10,J3490,04420957234,Atorvastatin,0,158.43,79.93,0.0,79.93,Denied,0
301,48487ac3-3064-467a-93c2-81a95bfcb667,20260627,20260809,13,17,24,3,5,Outpatient,I10,99213,39365734924,Metformin,0,542.78,354.47,259.76,0.0,Paid,0
302,50b98ef1-d0de-422d-84fd-d554028d5cef,20250509,20250610,28,120,16,4,2,Professional,I10,99213,01028328073,Lisinopril,0,283.87,212.73,153.99,0.0,Paid,0
303,67b82da9-830e-467b-a069-a37418b29ddf,20250906,20250918,35,88,14,4,1,Professional,I10,99214,17992698578,Atorvastatin,0,317.56,216.83,179.06,0.0,Paid,1
304,c7629fcb-a667-4c44-bba3-1c364abdd954,20261106,20261120,35,105,26,2,1,Rx,M54.5,80307,52448672081,Lisinopril,0,416.35,344.16,285.41,0.0,Paid,0
305,1691a1b7-a253-4f6e-b204-a03fa17b5073,20251126,20260104,4,48,16,2,2,Rx,M54.5,80307,33861965400,Omeprazole,0,191.22,140.91,117.16,0.0,Paid,0
306,64ad11e0-66b8-49f7-b116-4637a929b5ed,20250605,20250609,29,29,24,3,5,Professional,I10,99215,85134186686,Amlodipine,0,355.88,165.75,162.59,0.0,Paid,0
307,e972217e-f67c-4cf9-ab9f-08bc08092bb9,20251219,20251230,36,49,28,4,2,Outpatient,M54.5,G0480,38127554573,Atorvastatin,0,278.46,208.78,197.22,0.0,Paid,0
308,a28ad7c6-5076-4213-8fc2-c3110fae8943,20260312,20260402,18,112,3,1,2,Professional,M54.5,J3490,56974152191,Atorvastatin,0,283.29,180.58,0.0,180.58,Denied,0
309,567da3a2-62ea-4d5a-93dc-25f9e9be3bcd,20250705,20250730,37,57,11,3,1,Rx,M54.5,80307,73251692811,Lisinopril,0,536.05,337.21,301.82,0.0,Reversed,0
310,2052ff54-cecc-445b-a44c-18c0798d8c8b,20251019,20251122,22,106,12,4,3,Rx,F41.9,99213,35124985535,Albuterol,0,357.64,297.57,257.28,0.0,Paid,0
311,4c8e5ca2-101c-45e4-bc4d-1f394ef9be9c,20261021,20261107,32,109,5,4,3,Rx,I10,80307,86525912580,Lisinopril,0,549.04,344.3,343.25,0.0,Paid,0
312,4f9d3b2b-9715-402a-a4da-6beba6d95985,20250426,20250513,8,96,21,2,3,Professional,E11.9,80307,09753506535,Omeprazole,0,229.21,155.93,126.57,0.0,Paid,0
313,0261e8f9-3e7e-4ce6-93af-e324d76a9693,20250531,20250612,35,18,26,2,1,Outpatient,M54.5,G0480,80924220429,Amlodipine,0,263.83,213.31,189.98,0.0,Reversed,0
314,030d4ed1-96f3-440a-a044-cb7016fedfe3,20250612,20250710,15,37,7,2,4,Outpatient,G89.4,G0480,56265868240,Albuterol,0,579.05,320.25,317.66,0.0,Paid,0
315,8a94e395-3eaa-45aa-b794-660344c8999f,20250412,20250505,39,32,11,3,1,Outpatient,M54.5,J3490,85829728534,Omeprazole,0,283.47,208.64,181.52,0.0,Paid,0
316,cc116ca0-152c-4331-8056-24e88b2c225a,20260220,20260327,29,8,29,4,5,Professional,I10,99213,76118590612,Metformin,0,455.75,372.36,0.0,372.36,Denied,0
317,3e8ce3df-2098-49d7-9fba-b483b60fb7c1,20250209,20250223,35,81,11,3,1,Professional,I10,99215,38373415290,Atorvastatin,0,164.57,113.84,110.66,0.0,Paid,0
318,0a07b3a2-a678-429f-8eaf-4ebc72c4eec1,20260822,20260907,39,47,26,3,1,Rx,M54.5,G0480,60112858464,Atorvastatin,0,122.38,74.39,61.77,0.0,Paid,0
319,8654f46e-66c5-4dff-8b21-b450e5b54114,20261104,20261205,14,59,14,4,1,Outpatient,F41.9,80307,92448231801,Omeprazole,0,250.42,213.13,0.0,213.13,Denied,0
320,12404f21-8f34-4b6f-9a0e-ccc1bf7057f1,20260408,20260416,5,112,12,1,3,Rx,F41.9,G0480,42759861798,Atorvastatin,0,624.76,396.51,340.43,0.0,Paid,0
321,6be93ce7-ed91-4f64-93e8-e02447a7d45b,20250717,20250808,33,102,13,2,5,Outpatient,E11.9,J3490,69167005012,Omeprazole,0,222.42,164.45,113.82,0.0,Paid,0
322,e7817e40-b991-49bf-8937-15c16dff0be1,20250118,20250205,32,59,22,4,3,Professional,G89.4,J3490,34766908547,Amlodipine,0,841.73,721.07,0.0,721.07,Denied,1
323,804159b1-8b48-4645-a8ae-5f097f48d421,20250217,20250328,12,115,22,3,3,Rx,I10,99214,56632868045,Atorvastatin,0,289.19,254.89,176.86,0.0,Paid,0
324,d5b378ba-5672-48ed-b9f8-ef56d80a1865,20260627,20260807,40,24,17,3,4,Professional,G89.4,99214,50010611099,Albuterol,0,305.51,249.24,234.39,0.0,Paid,0
325,7b01bfc3-9700-4f92-ad7a-432def3ecfd6,20260824,20260902,10,114,10,2,3,Rx,G89.4,99215,75148603089,Albuterol,0,575.98,358.0,283.43,0.0,Reversed,0
326,deabc2f4-b428-441d-9e98-95ddd3f7c512,20260913,20261001,3,16,28,4,2,Professional,I10,G0480,43592642915,Albuterol,0,281.17,133.05,119.64,0.0,Reversed,0
327,e849859a-3de6-45bc-83f2-f14f67a34af1,20250203,20250210,10,3,5,2,3,Outpatient,F41.9,80307,85092197592,Fentanyl,1,382.27,220.9,0.0,220.9,Denied,0
328,e8f588c5-5af7-4465-be1b-f566e9ed3334,20250420,20250512,19,37,19,2,4,Rx,F41.9,99215,34816793678,Amlodipine,0,497.41,353.07,323.48,0.0,Paid,0
329,5abd1e96-8258-4abf-abc2-31d48c91561d,20251007,20251109,26,83,26,2,1,Professional,F41.9,80307,05350065770,Lisinopril,0,180.46,95.01,0.0,95.01,Denied,0
330,78f85545-5205-453c-8ad8-1e17019467a9,20250213,20250227,30,70,29,1,5,Outpatient,F41.9,G0480,66419451897,Omeprazole,0,237.32,115.16,114.24,0.0,Paid,0
331,e63052b2-a030-46b4-a46e-640197aa1928,20250127,20250222,11,98,14,4,1,Rx,E11.9,80307,70597689039,Metformin,0,199.43,169.19,167.4,0.0,Paid,0
332,0b50be72-9b64-4780-a1d6-70e43a1a0417,20260103,20260217,27,38,13,2,5,Professional,M54.5,99215,95564376337,Oxycodone,1,295.64,212.48,186.25,0.0,Paid,0
333,659f554c-cb5d-4938-b11d-59ab471211b9,20250616,20250711,29,79,13,3,5,Professional,E11.9,99213,16389163742,Metformin,0,340.44,232.98,162.19,0.0,Reversed,0
334,585f30bc-85d8-4484-b562-96b83a137751,20260507,20260513,25,36,13,2,5,Rx,I10,80307,85731327609,Atorvastatin,0,773.67,531.35,0.0,531.35,Denied,0
335,5d395ba2-f7c0-4b8e-9418-2cf96e61b312,20260806,20260911,32,110,8,2,3,Professional,F41.9,99213,86421818729,Lisinopril,0,347.38,235.76,202.95,0.0,Reversed,0
336,8398684d-0115-4e6a-9286-a40c87213eda,20260809,20260906,38,98,18,4,2,Outpatient,I10,99213,04643616019,Lisinopril,0,453.63,401.78,337.29,0.0,Paid,0
337,a4f8d1ac-483a-433a-a7c4-b7072a61a3df,20260520,20260616,9,109,28,4,2,Outpatient,F41.9,99214,75985097654,Amlodipine,0,412.31,236.14,170.02,0.0,Paid,0
338,2f3d22bf-d0a0-43bc-9401-7a7e1b5d5386,20260928,20261017,27,28,25,2,5,Rx,I10,J3490,17156892135,Albuterol,0,293.64,138.08,106.78,0.0,Reversed,0
339,1ed99783-8946-4870-8b67-b9dd88af9594,20250714,20250827,18,119,3,4,2,Outpatient,F41.9,G0480,07922923367,Oxycodone,1,455.89,225.78,209.7,0.0,Paid,0
340,177e16c5-2e4a-40bf-8b69-ee3e6429f707,20250310,20250326,6,120,15,4,4,Professional,F41.9,99214,25566008047,Hydrocodone,1,440.15,237.84,222.24,0.0,Paid,0
341,d4d1b800-6074-4978-9f27-eaa55a014488,20250418,20250522,14,87,26,3,1,Rx,F41.9,G0480,36100348102,Metformin,0,384.66,230.8,185.45,0.0,Paid,0
342,29a3e76b-e33c-4b9c-a865-a737fddeaafb,20260620,20260704,34,82,13,3,5,Outpatient,F41.9,G0480,34918680366,Omeprazole,0,351.83,179.41,123.96,0.0,Paid,0
343,6bf2972a-f0d6-455f-b140-c87374880e01,20250427,20250505,29,16,30,4,5,Professional,I10,G0480,12620587006,Metformin,0,346.71,275.5,0.0,275.5,Denied,0
344,766a8095-ca77-4bf8-8afc-4053f267598f,20261130,20270105,2,106,21,4,3,Rx,G89.4,J3490,47148343838,Metformin,0,543.94,251.11,190.52,0.0,Paid,0
345,fc65cc6b-3700-4dab-86b0-21f135d972a0,20250202,20250205,9,115,9,3,2,Outpatient,I10,J3490,91894274388,Metformin,0,305.02,169.35,162.36,0.0,Reversed,0
346,328ed797-c347-4c23-b5da-418295fe9f86,20260626,20260805,21,64,10,3,3,Rx,M54.5,G0480,82017189634,Lisinopril,0,229.9,152.03,104.4,0.0,Paid,0
347,abfd2327-55b2-4fac-af0c-d12cae886e42,20260726,20260817,18,114,20,2,2,Rx,F41.9,99215,33069207597,Albuterol,0,301.07,184.47,148.92,0.0,Paid,0
348,2e0c6037-f2ec-44ad-9f33-bd740bf45b92,20260103,20260211,33,80,30,2,1,Professional,F41.9,99214,25919812640,Fentanyl,1,815.09,531.32,400.81,0.0,Paid,1
349,3234b7d2-730e-4b09-9016-eaff2c08731c,20250311,20250401,21,5,5,3,3,Rx,G89.4,99214,17814261052,Atorvastatin,0,272.68,148.11,128.69,0.0,Paid,0
350,609f9d6f-3c2d-4b7f-96af-93b1e689d691,20251114,20251126,3,108,9,1,2,Rx,M54.5,99213,05413169877,Atorvastatin,0,423.35,281.18,241.84,0.0,Paid,0
351,df43d060-9832-4cd4-b551-e2d163227d86,20260327,20260428,37,50,11,4,1,Rx,I10,99215,09697210224,Metformin,0,309.16,243.05,181.54,0.0,Paid,0
352,006250a5-bc28-48df-810b-d2dc4d3da0c7,20260308,20260331,37,6,26,4,1,Rx,M54.5,99215,84722684198,Lisinopril,0,121.38,92.93,79.67,0.0,Paid,0
353,625d159c-05f3-4d64-be01-3eb4584c0a12,20260124,20260222,5,65,1,4,3,Rx,M54.5,G0480,51539680373,Albuterol,0,323.19,202.12,193.39,0.0,Reversed,0
354,8cdf71d8-3e27-4753-a04e-cd6b5d40e6f4,20250627,20250805,40,86,17,4,4,Professional,G89.4,99214,96380048752,Omeprazole,0,497.05,416.36,397.95,0.0,Reversed,0
355,a62ac465-14b4-4ebb-bdd6-ffb60f844ddb,20250813,20250902,26,31,14,3,1,Rx,G89.4,99215,76921739325,Albuterol,0,705.41,415.78,0.0,415.78,Denied,1
356,f36ee9e0-f2e8-4e1d-b386-3e569e4a48b6,20251026,20251128,1,17,12,3,1,Outpatient,F41.9,99213,75882597034,Omeprazole,0,1628.71,1041.36,867.76,0.0,Reversed,1
357,5c6fc516-256f-4a56-8572-ddcd12a851af,20260223,20260308,5,80,10,2,3,Professional,G89.4,99215,36602308517,Metformin,0,337.38,282.42,273.9,0.0,Paid,0
358,d4277755-ca8e-46b2-ba2f-68829ea39761,20260725,20260828,5,35,1,1,3,Outpatient,I10,99214,74086821890,Atorvastatin,0,581.25,355.87,293.02,0.0,Paid,0
359,6f1a7d3b-a842-41b6-9fe9-d3e7d97d068c,20250813,20250829,20,70,9,1,2,Professional,E11.9,G0480,46607501250,Atorvastatin,0,163.57,89.49,72.04,0.0,Reversed,0
360,11c0f730-d37b-46c6-b2c1-9a727f5fa2fb,20260920,20261005,2,30,1,3,1,Outpatient,E11.9,99213,75436392808,Oxycodone,1,367.05,253.78,171.31,0.0,Paid,1
361,d8a4ba99-3e8a-43ef-9920-729c5c73cdfc,20250702,20250708,7,16,17,4,4,Outpatient,I10,99213,26425463534,Atorvastatin,0,382.88,237.53,227.66,0.0,Reversed,0
362,62039785-e035-4df5-b809-54f29e742bcf,20260629,20260726,7,39,17,1,4,Professional,G89.4,80307,26843214368,Omeprazole,0,229.06,106.86,103.52,0.0,Paid,0
363,7378f1c8-0f40-4c01-9937-6e6a341d56b9,20261015,20261107,11,3,11,2,1,Rx,F41.9,J3490,61399703832,Amlodipine,0,582.63,300.89,286.87,0.0,Paid,0
364,49e14643-65e0-446c-9605-7162185c0b83,20261103,20261205,32,5,8,3,3,Professional,M54.5,80307,02462530305,Atorvastatin,0,381.74,286.15,216.13,0.0,Paid,0
365,7652bd73-c7ca-44a0-a104-b706ccd37f45,20260724,20260813,18,77,16,2,2,Outpatient,G89.4,J3490,12033153750,Lisinopril,0,249.45,146.78,142.22,0.0,Paid,0
366,fee98041-628c-48b5-a69c-0c42e8854e26,20260526,20260609,2,67,2,4,3,Outpatient,E11.9,J3490,85448378900,Amlodipine,0,490.82,339.62,222.85,0.0,Paid,1
367,9183ae3c-97ce-4413-92a7-f95f5a65e519,20251227,20260108,15,39,6,1,4,Outpatient,G89.4,99215,04117702809,Atorvastatin,0,112.6,72.85,68.73,0.0,Paid,0
368,685393c4-e842-4d5b-9be5-5b87e4c10450,20250407,20250429,28,90,4,2,2,Rx,E11.9,99214,93737322857,Lisinopril,0,280.86,205.84,0.0,205.84,Denied,0
369,3b718a28-6c74-4092-8847-1332f79e58ea,20260620,20260628,34,62,30,2,5,Rx,E11.9,99214,33793559310,Amlodipine,0,779.79,514.07,412.56,0.0,Paid,0
370,ef6d2528-d2f2-45e0-8c4c-586635da4e7c,20251129,20260104,30,101,13,4,5,Professional,M54.5,80307,47325792299,Metformin,0,542.09,300.76,250.77,0.0,Paid,0
371,dda5b3c6-e42f-4087-bc73-e692a7a99216,20251003,20251029,30,105,29,2,5,Professional,M54.5,99214,34066203026,Albuterol,0,238.24,117.68,94.06,0.0,Paid,0
372,ff9cdcd0-0194-4934-811e-9962f34fc389,20251217,20260117,23,20,19,2,4,Outpatient,G89.4,J3490,73993383064,Albuterol,0,609.18,450.6,384.25,0.0,Paid,0
373,a9b1467d-1ad2-4d2f-9039-059e5837ddb2,20261025,20261203,5,70,2,1,3,Outpatient,E11.9,99215,03317029824,Atorvastatin,0,503.87,328.57,259.23,0.0,Paid,0
374,d36f199d-c550-4041-9a0d-2ac7094f1945,20260601,20260714,23,88,19,4,4,Outpatient,M54.5,99215,10896161482,Metformin,0,174.27,81.91,56.7,0.0,Paid,0
375,09cd7ee0-66b4-417f-a264-c918a3d3a6d2,20250730,20250826,25,78,24,3,5,Professional,F41.9,80307,93519382588,Atorvastatin,0,475.98,216.19,167.94,0.0,Paid,0
376,a31fbcbf-dd05-43d5-9266-4fde5e23b35d,20251125,20260105,3,99,4,2,1,Outpatient,I10,99215,55365945385,Fentanyl,1,332.37,268.11,212.19,0.0,Paid,1
377,c769bb65-017f-4e3f-af2a-e00af05bd9f8,20250107,20250112,6,65,19,4,4,Professional,M54.5,80307,95625347547,Albuterol,0,422.19,379.43,249.55,0.0,Paid,0
378,0462e609-4d26-4220-815a-87003ea00671,20260503,20260519,33,110,27,2,5,Outpatient,F41.9,80307,52441864808,Lisinopril,0,819.91,370.05,251.06,0.0,Paid,0
379,53bfe4fd-f6a4-4a9c-bf45-16d0744e3ae5,20250817,20250906,38,82,9,3,2,Outpatient,F41.9,99214,56537484919,Omeprazole,0,315.7,264.51,181.49,0.0,Reversed,0
380,6b743531-13c8-41bb-81d2-950d4bae0e88,20261105,20261215,9,18,28,2,2,Professional,E11.9,99213,75424335991,Amlodipine,0,283.73,228.99,199.46,0.0,Paid,0
381,fb34f4a5-5c2c-4fef-aa37-71e280213627,20260613,20260727,20,68,18,3,2,Professional,F41.9,80307,23859909895,Omeprazole,0,502.57,299.6,0.0,299.6,Denied,0
382,d9a60ebc-745a-40ec-8b11-d375b414f8db,20250213,20250324,13,59,30,4,5,Rx,E11.9,99215,41358309868,Atorvastatin,0,241.27,186.95,133.66,0.0,Paid,0
383,e27cc8ab-ab8c-4ebe-88c9-04dbb0d3b1d6,20250619,20250713,7,68,15,3,4,Professional,M54.5,80307,20135220858,Amlodipine,0,328.91,174.62,142.11,0.0,Paid,0
384,1dd88c09-7a7a-48b4-863c-9855405cf251,20261112,20261222,22,91,21,4,3,Rx,F41.9,99214,95433386640,Metformin,0,338.82,174.15,149.91,0.0,Reversed,0
385,bbf49088-2c80-42bd-a394-587fb092a499,20250731,20250909,28,26,4,3,2,Professional,F41.9,80307,13615715735,Omeprazole,0,522.72,353.2,312.7,0.0,Paid,0
386,d76c09be-a602-4ad1-9d8a-cd151293b469,20250123,20250301,6,88,17,4,4,Rx,G89.4,99215,15023569508,Lisinopril,0,588.38,435.16,346.58,0.0,Paid,0
387,0fa2d71b-795d-4f8f-a64e-d89f624ff767,20260201,20260318,6,62,17,2,4,Professional,F41.9,G0480,40153034047,Metformin,0,291.57,233.9,222.07,0.0,Paid,0
388,dbd7fc45-a61f-4d7b-b2b1-f8b4eb45bd36,20260220,20260302,13,37,27,2,5,Professional,M54.5,99214,19330064981,Metformin,0,349.51,194.08,154.12,0.0,Reversed,0
389,f3db79eb-109f-42ca-a643-ccbf9b2ed983,20260518,20260528,14,110,11,2,1,Professional,M54.5,80307,52800938274,Omeprazole,0,1140.41,704.69,660.59,0.0,Reversed,0
390,e2989067-9752-4046-b3cc-00e46743015f,20250627,20250714,28,107,4,1,2,Outpatient,E11.9,99213,65379144772,Metformin,0,258.54,223.15,161.08,0.0,Reversed,0
391,108e5f3f-9c38-4f41-8e11-663d4ae8656c,20260703,20260816,27,7,13,2,5,Professional,F41.9,99214,83827922942,Omeprazole,0,386.03,237.23,190.74,0.0,Reversed,0
392,27027344-3f69-4f43-b882-0d4212f0c1ec,20260512,20260604,20,92,3,3,2,Outpatient,G89.4,99214,04026388362,Metformin,0,384.67,219.0,210.49,0.0,Paid,0
393,0a3c9f5d-b539-4c96-b373-97a2b5f488ca,20260115,20260206,34,57,13,3,5,Professional,F41.9,99213,25433915246,Atorvastatin,0,397.72,313.62,290.67,0.0,Paid,0
394,c5ae50c0-ff6b-48ae-bb93-cde7e771ac12,20260525,20260529,32,117,5,4,3,Outpatient,F41.9,99213,07115648470,Lisinopril,0,323.39,212.77,196.01,0.0,Paid,0
395,c8e0cf6c-3eb6-4c65-8d46-d50b598c8b3a,20260219,20260313,29,60,24,2,5,Outpatient,F41.9,80307,96581576076,Atorvastatin,0,185.02,112.33,89.9,0.0,Paid,0
396,6912f4fb-6610-4b3b-9947-9205cdd17f6e,20260531,20260607,2,10,21,4,3,Outpatient,I10,99213,81030111008,Albuterol,0,298.94,175.47,0.0,175.47,Denied,1
397,c8310daa-982c-4e4f-87ae-3cd1096e6abc,20250525,20250702,16,17,9,3,2,Professional,M54.5,99215,72311327388,Omeprazole,0,636.59,367.97,261.08,0.0,Paid,0
398,33920145-d0a9-47f5-8375-6e58c5323447,20250206,20250312,35,20,11,2,1,Outpatient,E11.9,99215,15237765018,Amlodipine,0,415.1,270.07,249.3,0.0,Paid,0
399,b0cc5ba7-aab9-4654-a451-6f94015e0bc7,20250211,20250221,39,12,26,4,1,Professional,G89.4,J3490,38926115512,Albuterol,0,571.82,275.29,195.16,0.0,Paid,0
400,9307ef8a-6952-4775-a72e-860bdbd73073,20250403,20250418,17,66,7,2,4,Rx,I10,99214,07740499725,Metformin,0,679.83,492.72,492.35,0.0,Paid,0
401,57d67256-72d4-4808-9c8c-d1724151fd01,20261005,20261111,28,102,4,2,2,Rx,E11.9,99215,29794966758,Albuterol,0,387.04,320.37,307.3,0.0,Paid,0
402,9a752f9a-22cd-41d6-8701-3e49d7b6e950,20251010,20251019,22,42,1,2,3,Rx,F41.9,J3490,35938740054,Atorvastatin,0,497.47,364.66,277.3,0.0,Paid,0
403,fa78b49f-130c-4115-869b-12b6d97d83da,20261113,20261206,24,37,29,2,5,Professional,E11.9,99215,39418536346,Lisinopril,0,200.95,151.98,100.48,0.0,Paid,0
404,4e85753e-65a7-43f9-a19b-27eb2eab5970,20250427,20250502,12,19,22,3,3,Outpatient,M54.5,G0480,92252514770,Hydrocodone,1,306.24,149.39,107.1,0.0,Paid,0
405,752a90c4-4e70-4758-bf1b-fea475e8c43d,20260308,20260416,24,44,13,1,5,Rx,F41.9,99214,73739010122,Atorvastatin,0,392.54,292.58,228.5,0.0,Paid,0
406,94d39c1e-11fe-4d25-90e2-691cfc6fbae4,20251030,20251114,36,27,4,1,2,Outpatient,G89.4,99213,71423153992,Lisinopril,0,484.94,371.99,344.25,0.0,Paid,0
407,be7099df-f14d-4e33-b8f6-137cd210034c,20260208,20260226,7,107,19,1,4,Rx,E11.9,G0480,23624424987,Tramadol,1,161.02,139.63,101.15,0.0,Reversed,0
408,06b943ce-52b4-4738-99ef-b252cd187642,20250813,20250920,30,115,29,3,5,Outpatient,M54.5,G0480,20574895748,Albuterol,0,664.46,418.48,375.0,0.0,Paid,0
409,b64213fa-89eb-48c4-ba75-69d72194678a,20261019,20261120,33,56,24,4,5,Outpatient,F41.9,80307,19185674502,Amlodipine,0,394.11,220.39,186.07,0.0,Paid,0
410,d23a9bae-420d-468b-8c22-991fd368fae8,20260429,20260517,25,65,24,4,5,Rx,G89.4,99215,77527984751,Metformin,0,289.5,165.32,146.48,0.0,Reversed,0
411,79b1e5fa-9a41-4e61-af8f-c77bd2284122,20260702,20260714,7,23,7,4,4,Outpatient,M54.5,99214,55549862069,Tramadol,1,259.01,216.1,203.04,0.0,Paid,0
412,53de7779-fc77-424f-84e8-2996c56a3b50,20250610,20250707,37,29,14,3,1,Professional,G89.4,G0480,20512188268,Metformin,0,375.5,237.82,0.0,237.82,Denied,0
413,ec1e2837-7a1c-4f64-8955-dfb4561d9bc7,20260923,20261017,3,47,4,3,2,Professional,E11.9,99215,41742190679,Amlodipine,0,567.25,504.6,439.14,0.0,Paid,0
414,913c1170-676f-4390-93d4-d877ad95af78,20250422,20250426,14,86,26,4,1,Professional,M54.5,99215,38957029862,Albuterol,0,327.82,214.68,157.92,0.0,Paid,0
415,d6932bfd-0629-422c-b482-4a91f4a8ac83,20260119,20260223,14,66,26,2,1,Outpatient,F41.9,99213,85655786156,Atorvastatin,0,773.94,496.05,338.77,0.0,Paid,1
416,d5ea0b80-35ca-47e4-9469-6974c8ea4127,20260410,20260518,13,29,30,3,5,Rx,M54.5,99214,30957799805,Omeprazole,0,366.53,291.64,245.22,0.0,Paid,0
417,0562d0d4-169d-4939-922e-870a25dff792,20260620,20260730,21,116,5,3,3,Rx,E11.9,80307,55477223262,Albuterol,0,443.0,287.61,286.95,0.0,Reversed,0
418,cf7d245a-8b45-4526-858f-5f8da9aa3a52,20250204,20250218,6,72,6,1,4,Rx,E11.9,G0480,34578593899,Lisinopril,0,800.53,366.77,320.43,0.0,Paid,0
419,1bc94a1b-537d-465d-90db-f15cf47068f3,20260908,20261009,17,64,23,3,4,Outpatient,I10,80307,46725582154,Lisinopril,0,410.57,338.59,231.16,0.0,Reversed,0
420,98dba438-062c-467f-9454-13dd6bb5dfe2,20260311,20260327,17,58,15,2,4,Professional,F41.9,G0480,59906057671,Amlodipine,0,214.82,102.21,97.76,0.0,Paid,0
421,891f7faa-0b38-46c9-99b8-29a5be2cda7a,20251116,20251222,16,119,28,4,2,Professional,M54.5,J3490,00995115121,Atorvastatin,0,586.54,342.2,330.13,0.0,Paid,0
422,245f2510-55ac-4469-83c2-28b1915a386a,20250317,20250409,20,102,16,2,2,Professional,M54.5,99214,64164568017,Amlodipine,0,276.84,159.17,129.58,0.0,Paid,0
423,a5e194e0-1fa0-4e8f-aa55-ef72b47aa38d,20250310,20250416,29,18,29,2,5,Rx,G89.4,80307,94792830027,Lisinopril,0,300.37,229.48,217.06,0.0,Paid,0
424,893a8b29-5c62-4d2e-8131-8a43cc93354c,20250630,20250806,5,26,10,3,3,Outpatient,E11.9,J3490,22663029379,Atorvastatin,0,316.74,200.52,133.11,0.0,Paid,0
425,48fa4492-06f7-4789-b633-12d0c58b2c9f,20260114,20260129,37,75,11,4,1,Outpatient,G89.4,99215,43236879363,Lisinopril,0,284.17,188.69,0.0,188.69,Denied,0
426,198f2d84-dad1-4f69-ba7e-4459fd9a1c70,20250109,20250210,35,19,11,3,1,Professional,G89.4,99213,91063707479,Albuterol,0,211.12,146.13,107.19,0.0,Paid,0
427,bc8c3bdd-445e-460f-b138-02c7a35060ea,20251227,20260210,19,92,6,3,4,Outpatient,M54.5,99215,74252931231,Albuterol,0,176.78,119.86,105.62,0.0,Paid,0
428,dad9db7e-eb6e-4ef6-a2ff-2443b704ea3b,20250331,20250510,1,83,1,2,1,Professional,F41.9,80307,98658514011,Omeprazole,0,1301.35,1139.89,0.0,1139.89,Denied,1
429,cce1899f-c50c-4899-adcb-b96d921ce03b,20260719,20260828,18,118,4,4,2,Outpatient,I10,99213,37422846666,Lisinopril,0,180.25,160.8,142.47,0.0,Paid,0
430,cedd7bd7-21ff-4a10-998e-dca00a8acd4f,20260605,20260629,1,21,22,4,3,Outpatient,M54.5,G0480,28769004091,Albuterol,0,226.62,134.51,0.0,134.51,Denied,1
431,c6f7b333-50e2-4185-9afd-8fed6e906510,20260709,20260823,9,68,28,3,2,Rx,E11.9,80307,87410033500,Albuterol,0,646.15,408.98,0.0,408.98,Denied,0
432,247104b5-ec3d-4662-885d-a58b48d12ca3,20260408,20260519,8,6,1,4,3,Rx,F41.9,G0480,14351721195,Amlodipine,0,303.54,208.79,0.0,208.79,Denied,0
433,0a5f76ae-2094-47a3-b850-daf0e03766bb,20250519,20250618,33,57,13,3,5,Rx,F41.9,99215,86556601357,Metformin,0,245.49,175.28,144.34,0.0,Paid,0
434,a1b5f692-7839-4a7e-8885-069523e0b07e,20260419,20260502,15,25,15,2,4,Rx,G89.4,80307,42938446272,Metformin,0,306.37,163.87,112.51,0.0,Paid,0
435,6a74b01b-8917-4d9e-8c41-851421e0ad10,20260504,20260514,1,117,12,4,3,Rx,F41.9,99214,11430394372,Metformin,0,530.77,371.17,0.0,371.17,Denied,0
436,facf8235-d441-47bb-909d-931584e1151c,20260421,20260522,37,42,14,2,1,Rx,E11.9,99215,88910282129,Amlodipine,0,322.93,226.99,208.74,0.0,Paid,0
437,dd845a2c-f4f3-47d7-a764-895eded491ec,20260505,20260602,5,109,21,4,3,Rx,I10,J3490,65622622560,Omeprazole,0,384.29,207.77,200.22,0.0,Reversed,0
438,96909fcf-8e64-4efc-954c-1191a6245d47,20250427,20250604,19,92,17,3,4,Rx,I10,80307,42894437920,Albuterol,0,192.69,94.85,90.72,0.0,Paid,0
439,569e6433-eda5-4daf-8a61-588a5c0cd4b2,20260828,20260911,40,22,6,3,4,Professional,F41.9,99215,89695331699,Metformin,0,333.2,217.33,212.59,0.0,Reversed,0
440,eedf0110-aad8-4ef8-85de-8559de5a9fef,20260312,20260317,25,58,30,2,5,Professional,F41.9,G0480,12392928248,Albuterol,0,133.86,116.91,110.19,0.0,Reversed,0
441,4df27d90-8fb8-4529-995f-2daad3ca430e,20261130,20270109,20,24,16,3,2,Rx,I10,99213,16453947839,Omeprazole,0,399.95,187.32,150.53,0.0,Reversed,0
442,71324ee8-6852-4363-8556-b510ae0193f2,20250611,20250709,15,81,15,3,4,Professional,G89.4,J3490,68277059314,Metformin,0,283.19,199.41,139.29,0.0,Paid,0
443,3722fdd0-2d38-40a2-967d-817b9bfdaefd,20251212,20251227,10,47,10,3,3,Rx,I10,99214,83008543588,Albuterol,0,154.52,126.47,112.34,0.0,Paid,0
444,6aa11f79-ff47-4129-b3c9-024fa1b624fc,20250410,20250508,21,9,10,2,3,Rx,F41.9,99215,87845363111,Omeprazole,0,273.52,206.77,194.55,0.0,Reversed,0
445,9dad2f36-b59e-41c1-a807-7aa72bb8264a,20250522,20250607,14,93,14,3,1,Rx,M54.5,J3490,71792301970,Lisinopril,0,577.66,470.17,0.0,470.17,Denied,0
446,791bc1a6-090a-4c90-ba38-cd289caf6979,20260915,20261013,5,78,2,3,3,Outpatient,E11.9,99214,39256461164,Lisinopril,0,585.07,294.3,264.61,0.0,Paid,0
447,4c19effe-3ed9-48ed-be8c-a4da23dac60a,20261002,20261030,38,8,18,4,2,Outpatient,F41.9,J3490,91824632595,Metformin,0,214.0,103.89,99.89,0.0,Paid,0
448,42234d72-beb7-40e8-8c31-477726d5b1cf,20250502,20250615,13,67,30,4,5,Professional,E11.9,99215,25410493072,Amlodipine,0,353.05,199.03,176.03,0.0,Paid,0
449,60cdb44f-f635-4d46-9065-09c5461db11e,20260207,20260312,17,42,6,2,4,Professional,E11.9,G0480,84190926279,Omeprazole,0,348.81,161.17,113.08,0.0,Paid,1
450,b862fa1b-cc5d-4c5a-ac33-a410790314ab,20250918,20251028,32,57,5,3,3,Professional,G89.4,99215,09849526105,Lisinopril,0,231.78,200.85,131.95,0.0,Paid,0
451,0b2ac03b-d6ce-4a2a-b46d-0ac0a0e94517,20260504,20260601,3,40,28,4,2,Outpatient,I10,99213,29245658028,Lisinopril,0,213.89,164.08,144.89,0.0,Paid,0
452,3c1ee0a5-0b5f-4f65-99fa-02bbb900c04d,20260911,20261012,17,57,19,3,4,Rx,E11.9,99214,57473830543,Albuterol,0,325.38,188.13,124.04,0.0,Paid,0
453,03aa2825-54a2-4dfc-a64f-0f81ef6d5735,20260223,20260315,32,71,12,1,3,Professional,I10,J3490,82525440903,Albuterol,0,733.66,602.96,564.37,0.0,Paid,0
454,250bdf07-72b6-478d-9708-de3dab84cc4b,20260330,20260405,11,41,14,2,1,Professional,M54.5,99214,78179192326,Morphine,1,383.13,297.06,285.43,0.0,Paid,0
455,231fc901-89ed-4cde-8ed9-72b0ff06ca35,20250318,20250418,3,108,28,1,2,Rx,M54.5,J3490,54386897038,Atorvastatin,0,254.55,201.2,143.52,0.0,Paid,1
456,5f0392c2-b1bb-47f6-8f74-cd8569bae371,20250421,20250604,13,64,30,3,5,Rx,F41.9,99215,10869298483,Lisinopril,0,1159.96,698.22,669.57,0.0,Reversed,0
457,258d59e8-0413-4968-ba28-b6e62344efec,20261011,20261115,29,35,24,1,5,Rx,I10,80307,73662349083,Atorvastatin,0,322.99,156.23,110.32,0.0,Paid,0
458,931fba2b-0318-4475-8b7f-7ef56775a8d5,20251019,20251028,18,81,28,3,2,Rx,I10,80307,50847203970,Atorvastatin,0,190.49,130.26,85.54,0.0,Paid,0
459,3cb02a5f-2be9-4fdf-9311-8a1a27526de1,20251206,20251213,2,62,5,2,3,Professional,M54.5,99213,31640908508,Atorvastatin,0,122.5,61.2,0.0,61.2,Denied,1
460,d42677b7-ad19-4aa6-93b8-a477569a1e62,20260209,20260310,33,53,25,4,5,Outpatient,E11.9,99214,77059024135,Amlodipine,0,234.39,111.86,95.32,0.0,Reversed,0
461,dbcd3adc-2f5f-4432-b24e-3164d72f3d27,20260728,20260731,9,63,28,3,2,Rx,I10,99213,26497455969,Albuterol,0,730.48,475.74,469.74,0.0,Paid,0
462,0ac783fb-34a1-4442-9ff5-af374cd0d576,20250823,20250916,9,90,20,2,2,Outpatient,E11.9,G0480,54594942646,Metformin,0,415.78,204.36,165.68,0.0,Paid,0
463,c3616612-0893-49a1-849c-f734f0e3a053,20251126,20251231,9,37,9,2,2,Rx,G89.4,80307,19205799661,Albuterol,0,425.29,342.59,285.6,0.0,Paid,0
464,f4191e25-b64e-4a8f-a20e-db4927c78d8f,20250210,20250227,3,76,16,4,2,Professional,F41.9,99214,68528897280,Metformin,0,3640.01,2033.62,0.0,2033.62,Denied,1
465,852f5ad2-f34f-4d61-bab1-b5914e0571db,20251112,20251130,1,110,21,2,3,Professional,F41.9,99214,67366914426,Lisinopril,0,425.97,351.77,256.69,0.0,Paid,0
466,45c2f1cd-2e5a-4d32-a278-2d974a3ab54a,20250510,20250621,21,110,1,2,3,Outpatient,E11.9,99214,06695959770,Omeprazole,0,414.46,187.45,123.11,0.0,Paid,0
467,faf9f0ff-c905-45de-a079-53c1ba17a359,20260918,20261003,29,102,30,2,5,Professional,I10,99215,75583468784,Amlodipine,0,404.75,282.38,188.53,0.0,Paid,0
468,e6b86268-631c-45a8-8424-dddb5b4ec908,20261102,20261111,4,64,3,3,2,Professional,G89.4,99214,31807632030,Omeprazole,0,516.74,408.6,298.55,0.0,Paid,0
469,af89b3fc-2397-4482-bd22-aed4cb56004c,20260525,20260611,32,100,1,4,3,Outpatient,I10,J3490,57000651125,Lisinopril,0,393.75,244.9,231.93,0.0,Reversed,0
470,3a5da270-e239-4760-97b6-3382c588cdf1,20260129,20260217,21,4,10,2,3,Professional,F41.9,J3490,09057331762,Albuterol,0,503.2,249.24,214.73,0.0,Reversed,0
471,b782d4e3-4ed7-4fc2-a3e5-505d2f1240d5,20260310,20260330,2,75,2,4,3,Professional,E11.9,99215,10992020326,Morphine,1,1586.69,1010.83,930.91,0.0,Reversed,1
472,9e74cbcc-e64a-4b79-9c2e-809fc5c81ee9,20250422,20250522,34,56,13,4,5,Professional,F41.9,99214,09545001793,Lisinopril,0,294.01,142.39,105.03,0.0,Paid,0
473,76fee790-b2a3-48dd-96b7-7a1d0399b343,20250408,20250505,17,93,19,3,4,Professional,F41.9,G0480,57874846645,Lisinopril,0,394.06,250.71,228.84,0.0,Paid,0
474,c787f09b-42a8-4c87-9115-b21dbccf5d2c,20260524,20260621,3,34,18,3,2,Outpatient,M54.5,99215,79055306374,Albuterol,0,426.54,194.44,150.34,0.0,Paid,0
475,778a806e-27d0-47b2-ba88-af05fa66d4c0,20250626,20250803,14,8,26,4,1,Rx,M54.5,J3490,25831164191,Hydrocodone,1,560.8,435.45,409.47,0.0,Reversed,0
476,b8f712b7-91ae-45f5-85cf-4d6339ab650b,20251029,20251211,2,90,22,2,1,Outpatient,G89.4,99214,14914923391,Fentanyl,1,877.3,760.87,601.14,0.0,Paid,1
477,611c39c7-b30d-42e9-b605-2dcb46a20bbe,20260518,20260609,2,92,10,3,3,Outpatient,I10,J3490,83698219349,Amlodipine,0,1760.84,1556.17,1122.66,0.0,Paid,1
478,aefab18f-16f2-4585-8e00-116ddca245dd,20250805,20250813,8,61,5,2,3,Rx,E11.9,G0480,87410615771,Hydrocodone,1,316.26,221.96,217.29,0.0,Reversed,0
479,c3057b98-bc24-4b3a-b336-4682ce90e82f,20260428,20260508,6,83,15,2,4,Rx,G89.4,80307,45040626943,Lisinopril,0,345.58,275.43,236.79,0.0,Reversed,0
480,a7e9bee0-bd26-43ce-9a69-704915d2e77d,20260817,20260916,30,67,25,4,5,Outpatient,E11.9,99213,26431793594,Omeprazole,0,236.73,186.0,138.27,0.0,Reversed,0
481,8b1e6f92-c709-4fe3-82fa-7716d88493a4,20260804,20260815,38,24,16,3,2,Professional,F41.9,J3490,56530051463,Amlodipine,0,428.52,371.42,274.21,0.0,Paid,0
482,b78db3b8-03c7-4624-8db1-0ae4ff44a20f,20250402,20250512,1,49,8,4,3,Professional,I10,99213,92309197315,Metformin,0,314.52,274.28,230.37,0.0,Paid,0
483,76ec5cea-0eff-406b-ad9b-15964e7a1d6c,20260930,20261020,1,78,22,3,3,Professional,G89.4,80307,93329350348,Albuterol,0,201.94,99.51,86.89,0.0,Paid,0
484,22f19efb-714f-4001-aac2-6187f30f26c4,20250214,20250317,20,10,3,4,2,Rx,I10,G0480,39248902409,Tramadol,1,320.97,283.57,0.0,283.57,Denied,0
485,95519535-3bb6-4205-8843-b3138105b1dc,20250630,20250718,26,102,26,2,1,Professional,I10,99214,06821398133,Oxycodone,1,282.65,231.17,228.0,0.0,Paid,0
486,1a5896a3-44e9-4171-98dc-7036cc4a0c3e,20260322,20260328,30,2,25,1,5,Rx,I10,99215,66726577159,Lisinopril,0,361.71,305.92,199.72,0.0,Paid,0
487,b7b6a24b-3854-4e47-b511-55da2100f444,20260710,20260728,2,42,1,2,3,Rx,G89.4,99214,71343070671,Morphine,1,376.31,191.42,169.97,0.0,Paid,1
488,a59a89ef-4611-4df2-a65d-cd9b54e49f59,20260116,20260204,6,112,17,1,4,Outpatient,E11.9,99215,63012131638,Atorvastatin,0,266.92,195.43,186.99,0.0,Paid,0
489,0c5217e8-5d13-4658-9dae-df04c9b0ce50,20251216,20260123,32,63,8,3,3,Outpatient,F41.9,99214,50928704179,Lisinopril,0,241.92,191.01,180.06,0.0,Reversed,0
490,d55bd022-ef59-40e2-a886-2f88820d5378,20250302,20250311,24,42,27,2,5,Professional,M54.5,J3490,00685891932,Lisinopril,0,149.54,119.35,95.17,0.0,Paid,0
491,e6b7d2f3-dfe0-4be8-bc6a-abcc660cb294,20260505,20260511,17,26,19,3,4,Rx,F41.9,J3490,96938441716,Atorvastatin,0,291.13,174.83,165.9,0.0,Paid,0
492,d276826e-dcaa-4d7a-83bf-14a286e66471,20260601,20260715,13,33,13,4,5,Rx,G89.4,99214,79908065899,Amlodipine,0,209.93,163.11,148.94,0.0,Paid,0
493,64fff03a-9af2-46ca-b602-48c303b6f370,20250214,20250331,38,63,3,3,2,Outpatient,G89.4,G0480,20493604431,Albuterol,0,276.49,236.66,216.91,0.0,Reversed,0
494,1d91a067-4088-43b2-b6df-bc71526a349d,20260714,20260724,1,72,12,1,3,Rx,I10,99213,03823806647,Lisinopril,0,194.81,94.18,93.85,0.0,Reversed,0
495,5d6d60c9-d3a3-441e-a233-ea3686ba557b,20260525,20260613,8,47,21,3,3,Outpatient,G89.4,G0480,83892725086,Amlodipine,0,460.55,315.37,296.21,0.0,Paid,0
496,d2a931c1-b673-44dc-b7e5-b23d1dd52628,20250222,20250227,26,91,11,4,1,Outpatient,F41.9,G0480,73378515683,Albuterol,0,477.72,219.51,166.78,0.0,Paid,0
497,5565ec8b-4f6b-44ef-9710-b426d711ea58,20251123,20251212,35,113,14,2,1,Outpatient,M54.5,99213,60260151108,Omeprazole,0,304.43,215.49,206.34,0.0,Reversed,0
498,53a82267-5fe4-4039-ac0e-e4d23d2be6ce,20260610,20260701,1,1,22,3,3,Outpatient,I10,99213,41663923677,Amlodipine,0,372.69,288.93,263.98,0.0,Paid,0
499,e8b31812-0e29-4708-a5c5-b6248243fa5e,20250819,20250822,17,63,7,3,4,Professional,I10,99213,54995215701,Lisinopril,0,436.36,233.36,193.9,0.0,Reversed,0
500,2ad4028e-9711-406c-9497-cbe0cbd237e5,20260627,20260703,31,35,19,1,4,Rx,I10,99214,11432076873,Metformin,0,216.57,175.49,146.96,0.0,Paid,0
501,f3626e18-5c1c-407c-8783-2a72157f429c,20260409,20260517,20,13,20,3,2,Rx,G89.4,80307,52036137710,Amlodipine,0,221.69,113.2,80.31,0.0,Duplicate Review,0
502,1e412f30-8976-4a13-b8bb-881eb31f191e,20260618,20260706,29,50,30,4,5,Professional,G89.4,99215,31632101938,Albuterol,0,379.37,266.99,181.83,0.0,Duplicate Review,0
503,a28ad7c6-5076-4213-8fc2-c3110fae8943,20260312,20260402,18,112,3,1,2,Professional,M54.5,J3490,56974152191,Atorvastatin,0,283.29,180.58,0.0,180.58,Duplicate Review,0
504,23af3ffa-b549-49a0-ab1c-68bd0d59ac9a,20260714,20260814,36,35,28,1,2,Rx,F41.9,99215,32111651825,Oxycodone,1,403.3,196.19,128.61,0.0,Duplicate Review,0
505,3b718a28-6c74-4092-8847-1332f79e58ea,20260620,20260628,34,62,30,2,5,Rx,E11.9,99214,33793559310,Amlodipine,0,779.79,514.07,412.56,0.0,Duplicate Review,0
